id,label
1,0.02529943
2,0.006204486
3,0.21648493
4,0.7030263
5,0.70356095
6,0.97112453
7,0.090416044
8,0.15228096
9,0.83840585
10,0.96859586
11,0.0835889
12,0.99881554
13,0.016748846
14,0.5714094
15,0.00014480948
16,0.108276695
17,0.0015759766
18,0.27754807
19,0.6089694
20,0.9309366
21,0.36953056
22,0.12134549
23,0.6158143
24,0.4967969
25,0.2554044
26,0.033557117
27,0.008355767
28,0.1203419
29,0.8754084
30,0.21983182
31,0.67284685
32,0.32198584
33,0.91900706
34,0.74867296
35,0.002253443
36,0.9807722
37,0.0064119995
38,0.00740999
39,0.98464274
40,0.0831379
41,0.9992305
42,0.089251816
43,0.9896357
44,0.19289112
45,0.0031012297
46,0.20864221
47,0.07183555
48,0.40645942
49,0.99174064
50,0.90085274
51,0.38418245
52,0.8449299
53,0.006777495
54,0.023108423
55,0.91071033
56,0.14696172
57,0.46157542
58,0.00011792085
59,0.9354513
60,0.82458305
61,0.23338264
62,0.9576775
63,0.107067674
64,0.0036019683
65,0.018987715
66,0.24738744
67,0.88071704
68,0.0059762597
69,0.7093259
70,0.974074
71,0.00053957105
72,0.0009391308
73,0.99838966
74,0.05424863
75,0.00041800737
76,0.92439264
77,0.9960792
78,0.13311365
79,0.0028105676
80,0.09958932
81,0.74649245
82,0.058609217
83,0.2003167
84,0.76657313
85,0.98851895
86,0.9856503
87,0.33906496
88,0.26041135
89,0.3860268
90,0.029826224
91,0.031656474
92,0.012521207
93,0.011411309
94,0.22589827
95,0.77011395
96,0.9046689
97,0.032887608
98,0.14654666
99,0.5537949
100,0.98105645
101,0.7020249
102,0.86245954
103,0.83375907
104,0.99969876
105,0.6274359
106,0.7768557
107,0.008098543
108,0.80808496
109,0.5634431
110,0.9996954
111,0.5277034
112,0.9563707
113,0.000490427
114,0.0052668154
115,0.029951602
116,0.037570685
117,0.17708427
118,0.4434613
119,0.02662456
120,0.30446345
121,0.9782798
122,0.91260254
123,0.007417828
124,0.4992886
125,0.14333883
126,0.07800001
127,0.38254908
128,0.0038535595
129,0.99961025
130,0.7586548
131,0.7440818
132,0.04955557
133,0.3563257
134,0.029389381
135,0.009581417
136,0.09166941
137,0.14281219
138,0.14613038
139,0.99659085
140,0.89700794
141,0.5295968
142,0.07359865
143,0.0034627616
144,0.20285574
145,0.9973638
146,0.18577614
147,0.0011056066
148,0.8904715
149,0.0030436814
150,0.030152798
151,0.31874987
152,0.05967641
153,0.205993
154,0.80609506
155,0.12891605
156,0.99850225
157,0.2722751
158,0.531698
159,0.19056511
160,0.0017414987
161,0.84874725
162,0.9195553
163,0.7482079
164,0.99881065
165,0.007982224
166,0.9998944
167,0.013528019
168,0.086600184
169,0.19785544
170,0.97046274
171,0.0040850937
172,0.9925369
173,0.99364257
174,0.99963784
175,0.0907757
176,0.53230137
177,0.7138119
178,0.32320464
179,0.024709195
180,0.16676241
181,0.000716418
182,0.004673749
183,0.026243836
184,0.21182263
185,0.16268417
186,0.9973581
187,0.1938642
188,0.63469124
189,0.0068045557
190,0.9992858
191,0.33982795
192,0.07286385
193,0.089582205
194,0.24087453
195,0.022926927
196,0.31093806
197,0.3724736
198,0.037288636
199,0.008422136
200,0.0889152
201,0.96842957
202,0.22373018
203,0.41330767
204,0.3910299
205,0.062400132
206,0.017986715
207,0.01871264
208,0.09841165
209,0.073742926
210,0.05155331
211,0.77125865
212,0.8920318
213,0.07200965
214,0.00045228004
215,0.87215906
216,0.31812954
217,0.08455858
218,0.3915973
219,0.15179726
220,0.31566316
221,0.024730861
222,0.204296
223,0.99968946
224,0.0155389905
225,0.9627292
226,0.02128318
227,0.1206516
228,0.0047641695
229,0.0033378005
230,0.012824923
231,0.9979906
232,0.9603753
233,0.0027872324
234,0.051561773
235,0.01290971
236,0.94811434
237,0.37383384
238,0.15233642
239,0.98235
240,0.8519085
241,0.05627209
242,0.9285056
243,0.9994005
244,0.059894323
245,0.0018531382
246,0.48119134
247,0.8629453
248,0.012163162
249,0.8111603
250,0.6191509
251,0.8032793
252,0.36464947
253,0.050435722
254,0.81930506
255,0.096105516
256,0.51372963
257,0.014201105
258,0.32988566
259,0.18046269
260,0.7939948
261,0.016472042
262,0.026162475
263,0.07543361
264,0.43430924
265,0.98826015
266,0.101964176
267,0.99978125
268,0.003035009
269,0.2692814
270,0.99722433
271,0.41506737
272,0.9922919
273,0.34726632
274,0.0075232387
275,0.03386861
276,0.11654249
277,0.0024148822
278,0.23618317
279,0.00578779
280,0.110234946
281,0.54057944
282,0.02288863
283,0.20435712
284,0.9650372
285,0.004247576
286,0.6612125
287,0.85572636
288,0.24601135
289,0.96848273
290,0.14376178
291,0.40791002
292,0.14559335
293,0.9828188
294,0.056440383
295,0.0072034597
296,0.14278686
297,0.038984
298,0.039030403
299,0.07868636
300,0.007221222
301,0.025503248
302,0.9981308
303,0.2181704
304,0.00047573447
305,0.43366423
306,0.8995991
307,0.25885934
308,0.24882504
309,0.0025432408
310,0.0025261343
311,0.7803769
312,0.9108219
313,0.19983041
314,0.74522156
315,0.023725748
316,0.048970193
317,0.20684561
318,0.15225583
319,0.14985564
320,0.011648893
321,0.8787331
322,0.005410135
323,0.20831275
324,0.47026482
325,0.8202863
326,0.09218496
327,0.6446327
328,0.15618414
329,0.66703856
330,0.0015171766
331,0.46170884
332,0.7987585
333,0.017330587
334,0.97467506
335,0.02124402
336,0.9289119
337,0.038552016
338,0.00040584803
339,0.90187246
340,0.9179107
341,0.6787857
342,0.6969206
343,0.8477838
344,0.08133295
345,0.123600036
346,1.749856e-05
347,0.51978606
348,0.9996563
349,0.49929288
350,0.027700603
351,0.40179145
352,0.6011899
353,0.9595358
354,0.99088657
355,0.008124918
356,0.057334095
357,0.23775396
358,0.021322757
359,0.014802724
360,0.002783388
361,0.7079165
362,0.09103307
363,0.9782474
364,0.22916451
365,0.041983575
366,0.4933718
367,0.14257461
368,0.97085094
369,0.1481371
370,0.0085501075
371,0.068605125
372,0.8360302
373,0.014510155
374,0.98869276
375,0.0010077059
376,0.038519472
377,0.9947568
378,0.8080768
379,0.69670415
380,0.9985747
381,0.9456218
382,0.017135233
383,0.2525224
384,0.008264869
385,0.6043141
386,0.54648095
387,0.22397256
388,0.9610464
389,0.92057955
390,0.9846456
391,0.11169329
392,0.0012397766
393,0.99064064
394,0.018055856
395,0.35463557
396,0.74413526
397,0.90362644
398,0.6778947
399,0.44628382
400,0.9879718
401,0.44612262
402,0.09822953
403,0.45580742
404,0.034850657
405,0.4985988
406,0.9327106
407,0.12401116
408,0.2397531
409,0.04624048
410,0.9766123
411,0.99813527
412,8.686766e-05
413,0.4680827
414,0.052493274
415,0.9298565
416,0.8016337
417,0.59919494
418,0.0002823472
419,0.0013565123
420,0.92350185
421,0.099524915
422,0.90136766
423,0.97027665
424,0.9898204
425,0.97357625
426,0.99987864
427,0.171475
428,0.7269968
429,0.75066364
430,0.32793093
431,0.9999912
432,0.9880465
433,0.004411787
434,0.005982369
435,0.79445386
436,0.005088508
437,0.9833492
438,0.020391345
439,0.5527091
440,0.00015431643
441,0.027279198
442,0.032847315
443,0.0031763911
444,0.90804994
445,0.0034561157
446,0.99055886
447,0.010534674
448,0.99981344
449,0.97598046
450,0.9996748
451,0.004403025
452,0.08733621
453,0.54021454
454,0.9931221
455,0.25863963
456,0.007065475
457,0.10005084
458,0.094237834
459,0.99973804
460,0.81609863
461,0.13090923
462,0.9428022
463,0.018727243
464,0.71039724
465,0.007777512
466,0.8837793
467,0.021394819
468,0.003486991
469,0.12856811
470,0.0038745403
471,0.5146908
472,0.8657287
473,0.9412373
474,0.4672812
475,0.06363487
476,0.999067
477,0.5308002
478,0.99836206
479,0.012367994
480,0.9380927
481,0.13444778
482,0.21853206
483,0.015359819
484,0.105915874
485,0.22496784
486,0.90460044
487,0.010105938
488,0.05532226
489,0.07397926
490,0.01108706
491,0.019595295
492,0.0031879544
493,0.53944373
494,0.8069378
495,0.20081738
496,0.6505721
497,0.12038171
498,0.39831644
499,0.83032596
500,0.98596376
501,0.59048516
502,0.98233926
503,0.9742433
504,0.026279807
505,0.15272126
506,0.017938137
507,0.19056255
508,0.6397574
509,0.96073854
510,0.9023722
511,0.03904581
512,0.21232325
513,0.7777438
514,0.34064955
515,0.6053828
516,0.9241977
517,0.0025802553
518,0.0026286542
519,0.0025849342
520,0.9554628
521,0.99107194
522,0.05277869
523,0.039476544
524,0.030074239
525,0.9797543
526,0.017063498
527,0.984897
528,0.53644246
529,0.0009929538
530,0.88106424
531,0.0641453
532,0.69283587
533,0.02004522
534,0.95332706
535,0.01500085
536,0.8450918
537,0.9571193
538,0.064932704
539,0.03488937
540,0.88655704
541,0.076985896
542,0.0029828846
543,0.99170965
544,0.013990104
545,0.00043049455
546,0.3760646
547,0.17261529
548,0.83483696
549,0.8994559
550,0.9989804
551,0.7142376
552,0.1412538
553,0.1729649
554,0.31277528
555,0.9921464
556,0.99399745
557,0.96211064
558,0.3820408
559,0.81494486
560,0.90358627
561,0.902068
562,0.3495025
563,0.9994855
564,0.15993673
565,0.057903975
566,0.9794736
567,0.5345061
568,0.85398936
569,0.00055989623
570,0.0005146265
571,0.7190821
572,0.91602707
573,0.046019644
574,0.07782015
575,0.32457787
576,0.0030753016
577,0.79254425
578,0.99456036
579,0.24468336
580,0.007868826
581,0.023028046
582,0.9955984
583,0.012010515
584,0.9602218
585,0.8124022
586,0.9602897
587,0.052354336
588,0.15263268
589,0.009382278
590,0.010531336
591,0.5034705
592,0.9930656
593,0.9999446
594,0.5659847
595,0.0874944
596,0.043543547
597,0.99951446
598,0.9847673
599,0.10280311
600,0.45872632
601,0.11922473
602,0.4928146
603,0.97959906
604,0.91697323
605,0.8652637
606,0.99999213
607,0.03280276
608,0.91760755
609,0.9754188
610,0.35580134
611,0.94965327
612,0.89661294
613,0.9795859
614,0.77412325
615,0.9999927
616,0.0824506
617,0.00033649802
618,0.62342
619,0.6214565
620,0.07283214
621,0.9926723
622,0.39173642
623,0.556087
624,0.8988183
625,0.87742543
626,0.03337297
627,0.20754793
628,0.9488931
629,0.9883268
630,0.008461535
631,0.39387986
632,0.73061955
633,0.7747077
634,0.014623284
635,0.021224469
636,0.19033745
637,0.60217386
638,0.9308702
639,0.04264921
640,0.96446776
641,0.7997231
642,0.90649045
643,0.3782802
644,0.86320764
645,0.7779484
646,0.021666825
647,0.99135464
648,0.30082566
649,0.12933084
650,0.39241168
651,0.99523956
652,0.051963568
653,0.24911875
654,0.7804879
655,0.14205116
656,0.03896779
657,0.008915812
658,0.008366883
659,0.067050904
660,0.99734783
661,0.3380135
662,0.0004143119
663,0.32251483
664,0.21058208
665,0.9983684
666,0.7494395
667,0.9896679
668,0.0076001287
669,0.10431081
670,0.9106196
671,0.69424474
672,0.1079779
673,0.992749
674,0.017445952
675,0.010288894
676,0.87252164
677,0.0026846528
678,0.59434116
679,0.62579167
680,0.041787416
681,0.017961323
682,0.7271471
683,0.18967837
684,0.9994119
685,0.8432795
686,0.0029445589
687,0.9408278
688,0.029310793
689,0.015321732
690,0.040333778
691,0.05970803
692,0.001993537
693,0.111631304
694,0.9934413
695,0.037959695
696,0.018596768
697,0.9619509
698,0.9724952
699,0.19200438
700,0.11145854
701,0.7493005
702,0.97768426
703,0.071415395
704,0.46039742
705,0.3431434
706,0.12979677
707,4.5366607e-05
708,0.0733383
709,0.8792459
710,0.01681739
711,0.20593888
712,0.0056523383
713,0.0047011375
714,0.99527806
715,0.9992058
716,0.9058904
717,0.0072898865
718,0.6499726
719,0.98392177
720,0.13127762
721,0.041037947
722,0.65294695
723,0.8253093
724,0.016602159
725,0.0027499497
726,0.14022261
727,0.7534343
728,0.0069906116
729,0.79793775
730,0.7942351
731,0.66024643
732,0.94005024
733,0.99952805
734,0.006574601
735,0.21745783
736,0.016936392
737,0.886963
738,0.9971963
739,0.0014508665
740,0.019687861
741,0.20925477
742,0.015694797
743,0.99467087
744,0.9679686
745,0.13617894
746,0.41071168
747,0.58377105
748,0.057516575
749,0.0028166175
750,0.32384598
751,0.0125952065
752,0.9457947
753,0.67122287
754,0.8509959
755,0.97305244
756,0.08616477
757,0.01880908
758,0.47401905
759,0.97013396
760,0.942366
761,0.69403136
762,0.0220685
763,0.03181362
764,0.04918477
765,0.39304534
766,0.08390862
767,0.5088363
768,0.0009876192
769,0.54475534
770,0.024106681
771,0.16284606
772,0.49947783
773,0.0887132
774,0.7141354
775,0.08797479
776,0.0003399849
777,0.40504283
778,0.40673304
779,0.53027034
780,0.8816053
781,0.13300303
782,0.027156115
783,0.0628351
784,0.056623727
785,0.07863182
786,0.7529031
787,0.16702169
788,0.0019259155
789,0.05713761
790,7.556527e-05
791,0.050207317
792,0.060874254
793,0.0006853044
794,0.6158799
795,0.66818327
796,0.93901014
797,0.36823374
798,0.4739397
799,0.99132025
800,0.99996233
801,0.90421075
802,0.8951824
803,0.998965
804,0.5993092
805,0.0007195473
806,0.023361951
807,0.07157403
808,0.14091441
809,0.074494064
810,0.011631072
811,0.1521973
812,0.62771547
813,0.9635245
814,0.10301897
815,0.056482375
816,0.9701134
817,0.56081617
818,0.0070788264
819,0.9856427
820,0.0006661415
821,0.95348114
822,0.8650104
823,0.9888375
824,0.98914444
825,0.40990558
826,0.036907107
827,0.20228577
828,0.012313426
829,0.55857307
830,0.1922929
831,0.98078454
832,0.992336
833,0.016854614
834,0.9358001
835,0.120937765
836,0.30014825
837,0.47618544
838,0.03677401
839,0.7454573
840,0.13758203
841,0.027975649
842,0.015397936
843,0.0518817
844,0.06540039
845,0.014751971
846,0.00024664402
847,0.9998082
848,0.032160252
849,0.99955153
850,0.016925782
851,0.3450795
852,0.92937446
853,0.108036965
854,0.21470866
855,0.00034749508
856,0.24076226
857,0.32619387
858,0.9878632
859,0.94592404
860,0.006601095
861,0.87816286
862,0.63561624
863,0.009490699
864,0.48133114
865,0.4488487
866,0.103547096
867,0.10076961
868,0.29618245
869,0.96926683
870,0.39536712
871,0.7955709
872,0.7126424
873,0.7602629
874,0.9866864
875,0.8774973
876,0.05593565
877,0.016655654
878,0.8605022
879,0.6689773
880,0.99378
881,0.6499154
882,0.87915266
883,0.9162669
884,0.50326574
885,0.047903597
886,0.97507524
887,0.005908698
888,0.5908816
889,0.8954282
890,0.77243173
891,0.25935745
892,0.96526664
893,0.004922718
894,0.008678675
895,0.3838662
896,0.41502374
897,0.105335265
898,0.0050555766
899,0.90410954
900,0.24215108
901,0.9961058
902,0.72844285
903,0.5963571
904,0.2535764
905,0.6320622
906,0.99807125
907,0.050543815
908,0.99896413
909,0.97389126
910,0.48067772
911,0.9985701
912,0.00595811
913,0.053644985
914,0.02463615
915,0.976277
916,0.15203568
917,0.9958867
918,0.5481632
919,0.047523648
920,0.0012124777
921,0.9772791
922,0.99299264
923,0.084391415
924,0.9848118
925,0.079803705
926,0.004231721
927,0.6645438
928,0.043509126
929,0.00583604
930,0.9976227
931,0.023635238
932,0.0011423826
933,0.15385169
934,0.10555163
935,0.2143515
936,0.23755696
937,0.46789247
938,0.0053928494
939,0.002686292
940,0.20127222
941,0.0017437637
942,0.39506882
943,0.98876023
944,0.31893426
945,0.9476126
946,0.29513556
947,0.029605329
948,0.93022805
949,0.9918562
950,0.58075106
951,0.56674725
952,0.7580118
953,0.9723625
954,0.00023007393
955,0.5377073
956,0.26664734
957,0.09935388
958,0.22280616
959,0.31868857
960,0.009175241
961,0.002740264
962,0.67582864
963,0.23535791
964,0.16231424
965,0.21863332
966,0.692127
967,0.93452233
968,0.004129827
969,0.6525199
970,0.0020226836
971,0.99792117
972,0.138351
973,0.06870353
974,0.14255172
975,0.93195677
976,0.516412
977,0.010078758
978,0.6348071
979,0.06577769
980,0.058020532
981,0.00040519238
982,0.077673316
983,0.30970243
984,0.99649376
985,0.48652518
986,0.032263786
987,0.0572322
988,0.2774508
989,0.046397418
990,0.99247944
991,0.7125142
992,0.112431556
993,0.9991208
994,0.99995434
995,0.99758005
996,0.008278817
997,0.21370119
998,0.05114332
999,0.0073330402
1000,0.00282529
1001,0.206005
1002,0.8990524
1003,0.06674653
1004,0.9979755
1005,0.44295102
1006,0.09593773
1007,0.9877625
1008,0.9965259
1009,0.6906032
1010,0.037092775
1011,0.8946395
1012,0.7996408
1013,0.41609645
1014,0.10687038
1015,0.003199339
1016,0.983418
1017,0.6055061
1018,0.002078563
1019,0.93497884
1020,0.0018763542
1021,0.30680746
1022,0.7434276
1023,0.0543209
1024,0.873647
1025,0.1822649
1026,0.02574569
1027,0.9187298
1028,0.00027281046
1029,0.005782813
1030,0.37766045
1031,0.00013312697
1032,0.9978347
1033,0.7441751
1034,0.4415683
1035,0.99954057
1036,0.023134083
1037,0.99468017
1038,0.55170166
1039,0.95481515
1040,0.21140587
1041,0.66481805
1042,0.97680974
1043,0.48081934
1044,0.99937093
1045,0.015582114
1046,0.95308894
1047,0.00079378486
1048,0.5302195
1049,0.9865245
1050,0.99654883
1051,0.6134325
1052,0.5694699
1053,0.018776745
1054,0.95972824
1055,0.94262874
1056,0.9998892
1057,0.0131525695
1058,0.010198593
1059,0.7090281
1060,0.08636066
1061,0.9737348
1062,0.029323578
1063,0.0031201243
1064,0.091070116
1065,0.00789237
1066,0.1177735
1067,0.0054316223
1068,0.272754
1069,0.5812179
1070,0.99999565
1071,0.9505944
1072,0.00022119284
1073,0.24427259
1074,0.9994167
1075,0.23711339
1076,0.62882495
1077,0.02558297
1078,0.9639335
1079,0.2831649
1080,0.36193854
1081,0.66454774
1082,0.4219181
1083,0.911573
1084,0.02453217
1085,0.21266997
1086,0.024418086
1087,0.76837087
1088,0.13953295
1089,0.0052375495
1090,0.9867276
1091,0.00048196316
1092,1.12787675e-05
1093,0.08543348
1094,0.24892229
1095,0.08749962
1096,0.19497105
1097,0.14860281
1098,0.0362626
1099,0.48400143
1100,0.37862653
1101,0.12812442
1102,0.87030363
1103,0.23290628
1104,0.0050810874
1105,0.07967654
1106,0.65008515
1107,0.03491363
1108,0.00037279725
1109,0.6688516
1110,0.9988975
1111,0.48715368
1112,0.13183165
1113,0.64693934
1114,0.9992915
1115,0.09056097
1116,0.03644821
1117,0.032348573
1118,0.45550123
1119,0.037243932
1120,0.012139022
1121,0.15488586
1122,0.9195031
1123,0.05658713
1124,0.0009203553
1125,0.3736985
1126,0.3999134
1127,0.3134479
1128,0.5447284
1129,0.4375025
1130,0.0066500306
1131,0.5793516
1132,0.9979745
1133,0.025896937
1134,0.6282069
1135,0.0011709332
1136,0.025785536
1137,0.17799106
1138,0.15369648
1139,0.5508249
1140,0.99902374
1141,0.07332009
1142,0.055885345
1143,0.050803572
1144,0.19268563
1145,0.51618654
1146,0.71160823
1147,0.13264427
1148,0.9386514
1149,0.091584295
1150,0.99917555
1151,0.7826435
1152,0.0053940117
1153,0.021092385
1154,0.37061134
1155,0.7712301
1156,0.24585846
1157,0.9999347
1158,0.053301126
1159,0.0037941635
1160,0.065770626
1161,0.5397353
1162,0.52477264
1163,0.99651504
1164,0.061323225
1165,0.9996483
1166,0.12295455
1167,0.007860422
1168,0.7879999
1169,0.9708405
1170,0.99253845
1171,0.5088363
1172,0.05868718
1173,0.111340195
1174,0.8957323
1175,0.086579025
1176,0.013224661
1177,0.6742471
1178,0.08408195
1179,0.5279668
1180,0.8214054
1181,0.9501642
1182,0.07230702
1183,0.0216192
1184,0.034536213
1185,0.44431832
1186,0.99552584
1187,0.522646
1188,0.010547191
1189,0.09292638
1190,0.63281804
1191,0.9997902
1192,0.103672564
1193,0.97786057
1194,0.28233427
1195,0.112627745
1196,0.05186197
1197,0.0009212196
1198,0.9503256
1199,8.997892e-05
1200,0.18490192
1201,0.052514285
1202,0.6370952
1203,0.41076112
1204,0.06314212
1205,0.71646833
1206,0.0047060847
1207,0.99282444
1208,0.11639193
1209,0.9216274
1210,0.015460521
1211,0.17170307
1212,0.076671004
1213,0.71933293
1214,0.41151968
1215,0.11058959
1216,0.8394941
1217,0.4807598
1218,0.048490852
1219,0.77535397
1220,0.6452364
1221,0.8843304
1222,0.29326373
1223,0.6386161
1224,0.6922203
1225,0.014885277
1226,0.31893528
1227,0.6109812
1228,0.020955384
1229,0.9950632
1230,0.18499932
1231,0.40013075
1232,0.93891466
1233,0.4096415
1234,0.41497102
1235,0.07049173
1236,0.019143522
1237,0.14777556
1238,0.0022978485
1239,0.7322906
1240,0.6772093
1241,0.00023883581
1242,0.9680582
1243,0.0035837889
1244,0.00054371357
1245,0.07938382
1246,0.8245468
1247,0.00012295424
1248,0.95680356
1249,0.044200808
1250,0.31905
1251,0.5907179
1252,0.021705449
1253,0.038020015
1254,0.9977542
1255,0.09149638
1256,0.12313816
1257,0.005566418
1258,0.85383976
1259,0.046230823
1260,0.8558545
1261,0.12427354
1262,0.13457659
1263,0.4487994
1264,0.024005324
1265,0.80374575
1266,0.009975165
1267,0.018036813
1268,0.0017636418
1269,0.5927862
1270,0.029061347
1271,0.83499914
1272,0.058788836
1273,0.8937519
1274,0.14205116
1275,0.10503465
1276,0.14734328
1277,0.9858978
1278,0.00554654
1279,0.00480476
1280,0.022529215
1281,0.8991927
1282,0.93192846
1283,0.103731066
1284,0.005282223
1285,0.01017198
1286,0.002190441
1287,0.17701456
1288,0.9761599
1289,0.96484995
1290,0.2992211
1291,0.016563237
1292,0.1741513
1293,0.045655698
1294,0.9344672
1295,0.15235886
1296,0.8054458
1297,0.0024141967
1298,0.48748222
1299,0.026623249
1300,0.01871112
1301,0.3885475
1302,0.021425903
1303,0.85478234
1304,0.003957957
1305,0.73560447
1306,0.004534155
1307,0.20374659
1308,0.06192115
1309,0.9999901
1310,0.3265265
1311,0.98609126
1312,0.47105095
1313,0.22652656
1314,0.20716637
1315,0.00022149086
1316,0.12041408
1317,0.9592109
1318,0.030476391
1319,0.36480808
1320,0.6951436
1321,0.93956053
1322,0.9313506
1323,0.034573227
1324,0.96627903
1325,0.058520168
1326,0.9774779
1327,0.041025996
1328,0.40038034
1329,0.4457902
1330,0.002794683
1331,0.7841172
1332,0.0008766055
1333,0.72610074
1334,0.9800837
1335,0.00062826276
1336,0.20068702
1337,0.8734598
1338,0.92834044
1339,0.0013794005
1340,0.1252392
1341,0.01261434
1342,0.077073574
1343,0.020693153
1344,0.027096093
1345,0.12341997
1346,0.5397466
1347,0.5287116
1348,0.0012366772
1349,0.04437366
1350,0.98990524
1351,0.00065755844
1352,0.6405647
1353,0.015435934
1354,0.99377835
1355,0.5626218
1356,0.57523435
1357,0.009380817
1358,0.83178866
1359,0.00089380145
1360,0.0020262897
1361,0.9565807
1362,0.25741932
1363,0.023262113
1364,0.491136
1365,0.8242401
1366,0.99272937
1367,0.77458847
1368,0.14489108
1369,0.0028265119
1370,0.89821064
1371,0.9837446
1372,0.0009367168
1373,0.03234604
1374,0.9986774
1375,0.96349037
1376,0.9845662
1377,0.0022525787
1378,0.2319305
1379,0.955739
1380,0.0017921925
1381,0.39496619
1382,0.96709025
1383,0.6214872
1384,9.2615504e-05
1385,0.083458394
1386,0.9009882
1387,0.99490345
1388,0.97230935
1389,0.15752676
1390,0.00013911724
1391,0.9624765
1392,0.7643417
1393,0.14260966
1394,0.87977815
1395,0.3548681
1396,0.037038177
1397,0.20378709
1398,0.96613157
1399,0.021509469
1400,0.25601774
1401,0.06727725
1402,0.99137676
1403,0.8885844
1404,0.054155678
1405,0.99939543
1406,0.057750612
1407,0.28938264
1408,0.94590694
1409,0.72836554
1410,0.8518102
1411,0.0012645125
1412,0.120411575
1413,0.12443876
1414,0.60579777
1415,0.9523994
1416,0.23866615
1417,0.99742687
1418,0.66870046
1419,0.99911976
1420,0.04959616
1421,0.17539203
1422,0.05209461
1423,0.10778299
1424,0.97619826
1425,0.9361154
1426,0.0014904737
1427,0.9997829
1428,0.07358396
1429,0.97211593
1430,0.106861204
1431,0.925575
1432,0.928736
1433,0.18739939
1434,0.95779157
1435,0.92073905
1436,0.5688338
1437,0.07349783
1438,0.9610709
1439,0.0341523
1440,0.052651107
1441,0.6574292
1442,0.0028291643
1443,0.108452916
1444,0.8606236
1445,0.98549736
1446,0.8708031
1447,0.10070607
1448,0.0027723312
1449,0.52497375
1450,0.55112445
1451,0.2137115
1452,0.9102123
1453,0.10552123
1454,0.9940536
1455,0.7604593
1456,0.5630017
1457,0.03600672
1458,0.009274721
1459,0.08070707
1460,0.35699147
1461,0.003059715
1462,0.017472744
1463,0.99771357
1464,0.99878335
1465,0.00025710464
1466,0.96040714
1467,0.041211247
1468,0.41637236
1469,0.07270685
1470,0.99058384
1471,0.018638551
1472,0.0491198
1473,0.78135955
1474,0.7795257
1475,0.96941185
1476,0.24585256
1477,0.23022488
1478,0.97139025
1479,0.9960591
1480,0.83930194
1481,0.0011657476
1482,0.9370729
1483,0.0495027
1484,0.010920733
1485,0.012231201
1486,0.9930629
1487,0.98680425
1488,0.9615926
1489,0.098855644
1490,0.2684374
1491,0.00017082691
1492,0.112559885
1493,0.9999818
1494,0.6487757
1495,0.045259267
1496,0.030760974
1497,0.5165595
1498,0.91709554
1499,0.9972879
1500,0.025322229
1501,0.85306334
1502,0.04706052
1503,0.010969162
1504,0.85306644
1505,0.3077388
1506,0.0031677485
1507,0.049960524
1508,0.98685205
1509,0.98803097
1510,0.47695068
1511,0.0013253391
1512,0.0015455782
1513,0.95418
1514,0.014781147
1515,0.11912832
1516,0.90554893
1517,0.9970603
1518,0.03208968
1519,0.9957692
1520,0.0021291971
1521,0.5108594
1522,0.020719886
1523,0.0022997558
1524,0.99992704
1525,0.7463187
1526,0.030940086
1527,0.042635053
1528,0.19439757
1529,0.016828448
1530,0.99285674
1531,0.10343006
1532,0.05066076
1533,0.9999083
1534,0.048494577
1535,0.3769896
1536,0.01632011
1537,0.81997097
1538,0.0001693964
1539,0.39535725
1540,0.25672895
1541,0.5072362
1542,0.88787377
1543,0.20013645
1544,0.72295266
1545,0.015093774
1546,0.7072791
1547,0.46295884
1548,0.7412759
1549,0.268696
1550,0.7228088
1551,0.012037963
1552,0.92599976
1553,0.010089636
1554,0.99996626
1555,0.08324522
1556,0.021615088
1557,0.118009746
1558,0.19054937
1559,0.0011094213
1560,0.1486099
1561,0.07598865
1562,0.68082285
1563,0.22635579
1564,0.8606658
1565,0.76983184
1566,0.8300809
1567,0.28440285
1568,0.025683463
1569,0.117988676
1570,0.14198276
1571,0.21037683
1572,0.89939475
1573,0.99145216
1574,0.13479614
1575,0.008284509
1576,0.9660395
1577,0.34262013
1578,0.9981499
1579,0.61382043
1580,0.01635307
1581,0.4380284
1582,0.44865444
1583,0.021223724
1584,0.924995
1585,0.0052616
1586,0.013454616
1587,0.013618022
1588,0.006904334
1589,0.799929
1590,0.05781606
1591,0.024110883
1592,0.8490868
1593,0.008670628
1594,0.13542318
1595,0.118424386
1596,0.0734061
1597,0.12756932
1598,0.21114579
1599,0.56339693
1600,0.99731386
1601,0.0021332204
1602,0.44369656
1603,0.5116065
1604,0.06696117
1605,0.79263455
1606,0.1961098
1607,0.9983363
1608,0.1180878
1609,0.11442396
1610,0.99692094
1611,0.99624765
1612,0.9740681
1613,0.91876984
1614,0.9999743
1615,0.3569317
1616,0.9748082
1617,0.1504313
1618,0.06561509
1619,0.010892421
1620,0.9892013
1621,0.007549554
1622,0.9865632
1623,0.8920505
1624,0.18106139
1625,0.18965596
1626,0.7560592
1627,0.0070435703
1628,0.05134505
1629,0.028389454
1630,0.087585926
1631,0.009538829
1632,0.98573554
1633,0.049428225
1634,0.6404308
1635,0.06334603
1636,0.8903938
1637,0.048368067
1638,0.057124287
1639,0.0013655424
1640,0.82095754
1641,0.9951589
1642,0.025405586
1643,0.005360335
1644,0.3407417
1645,0.7860356
1646,0.1003387
1647,0.08873844
1648,0.26587972
1649,0.0014854968
1650,0.19536468
1651,0.9636376
1652,0.9930705
1653,0.9979023
1654,0.53841716
1655,0.24853137
1656,0.87037694
1657,0.11464554
1658,0.9275915
1659,0.040346295
1660,0.030973434
1661,0.0195598
1662,0.8814084
1663,0.32136616
1664,0.5996602
1665,0.058897346
1666,0.72672206
1667,0.1299786
1668,0.119837105
1669,0.19675237
1670,0.60455245
1671,0.28778905
1672,0.119454175
1673,0.99408585
1674,0.5211067
1675,0.7334165
1676,0.9894265
1677,0.001422286
1678,0.9699018
1679,0.033049464
1680,0.90232056
1681,0.98374426
1682,0.82946914
1683,0.3470909
1684,0.006807953
1685,0.37664184
1686,0.20942271
1687,0.9151364
1688,0.0075207353
1689,0.8914052
1690,0.02102387
1691,0.005641848
1692,0.9994109
1693,0.96890223
1694,0.6282521
1695,0.4148475
1696,0.7232761
1697,0.04778874
1698,0.9997165
1699,0.91074204
1700,0.9944585
1701,0.33094537
1702,0.004029244
1703,0.45204923
1704,0.9153918
1705,0.6406769
1706,0.8700539
1707,0.69532394
1708,0.09269887
1709,7.5005395e-05
1710,0.5764279
1711,0.6100495
1712,0.9986285
1713,0.010785967
1714,0.0098674
1715,0.5468924
1716,0.85618746
1717,0.047120363
1718,0.40852872
1719,0.82824606
1720,0.019965798
1721,0.028627664
1722,0.080204904
1723,0.028635561
1724,0.8577914
1725,0.0036176443
1726,0.0006272197
1727,0.7743571
1728,0.046129376
1729,0.019618124
1730,0.0004927218
1731,0.00050735474
1732,0.3441945
1733,0.99319196
1734,0.07933235
1735,0.7629106
1736,0.67335516
1737,0.99952686
1738,0.84015894
1739,0.3955608
1740,0.19872749
1741,0.0054697394
1742,0.032702178
1743,0.968411
1744,0.07050407
1745,0.9983609
1746,0.9565531
1747,0.020468116
1748,0.121578515
1749,0.05940035
1750,0.28872725
1751,0.0117227435
1752,0.50957257
1753,0.015040785
1754,0.041676223
1755,0.85862
1756,0.69128734
1757,0.05368364
1758,0.83774674
1759,0.08317104
1760,0.22382993
1761,0.0046405196
1762,0.0052212775
1763,0.9997741
1764,0.008995771
1765,0.21836382
1766,0.0022568107
1767,0.99284256
1768,0.5597533
1769,0.45058197
1770,0.045259267
1771,0.4105055
1772,0.022669673
1773,0.15711334
1774,0.013386905
1775,0.0025253892
1776,0.016582549
1777,0.03146261
1778,0.963853
1779,0.21623638
1780,0.9832011
1781,0.6985669
1782,0.00936237
1783,0.0064897835
1784,0.98285615
1785,0.0032909513
1786,0.7690784
1787,0.8881421
1788,0.4044477
1789,0.7153569
1790,0.8732623
1791,0.18674326
1792,0.0468055
1793,0.51953024
1794,0.9983964
1795,0.8759531
1796,0.9989989
1797,0.31110668
1798,0.004778266
1799,0.24462658
1800,0.9711845
1801,0.9949255
1802,0.0060141385
1803,0.006403804
1804,0.9979994
1805,0.9802139
1806,0.008747518
1807,0.0060077906
1808,0.99448025
1809,0.3310484
1810,0.18307617
1811,0.77765536
1812,0.6561655
1813,0.0024411678
1814,0.0005645454
1815,0.023307592
1816,0.01576233
1817,0.0009840727
1818,0.97641516
1819,0.93828166
1820,0.0013208389
1821,0.051650763
1822,0.98385346
1823,0.011642009
1824,0.22945738
1825,0.88591397
1826,0.2542552
1827,0.84276974
1828,0.34563833
1829,0.6031384
1830,0.0056098104
1831,0.39832494
1832,0.9636637
1833,0.899043
1834,0.5458782
1835,0.0008626282
1836,0.9851064
1837,0.0857636
1838,0.8566189
1839,0.45056537
1840,0.049376577
1841,0.13062567
1842,0.8155061
1843,0.024155378
1844,0.3984055
1845,6.890454e-05
1846,0.809705
1847,0.7151581
1848,0.0062065423
1849,0.44469228
1850,0.037957966
1851,0.99438655
1852,0.62239313
1853,0.042107105
1854,0.9940648
1855,0.96124464
1856,0.0014696121
1857,0.93109274
1858,0.014451444
1859,0.011550963
1860,0.060156345
1861,0.0044375956
1862,0.003153026
1863,0.67757475
1864,0.99956393
1865,0.8114672
1866,0.43044347
1867,0.9909656
1868,0.9827354
1869,0.9402945
1870,0.9418574
1871,0.9038347
1872,0.08225733
1873,0.011930555
1874,0.07670763
1875,0.06343365
1876,0.42456535
1877,0.03859207
1878,0.12884137
1879,0.8061123
1880,0.97598755
1881,0.15920967
1882,0.44816652
1883,0.32576343
1884,0.4964458
1885,0.0036992133
1886,0.13612586
1887,0.90821797
1888,0.9998097
1889,0.0098722875
1890,0.45011175
1891,0.9021421
1892,0.3228393
1893,0.2599122
1894,0.9937
1895,0.3666171
1896,0.7724941
1897,0.13311595
1898,0.46763635
1899,0.51493984
1900,0.46383333
1901,0.0011517107
1902,0.06484181
1903,0.0010381937
1904,0.65544844
1905,0.78166384
1906,0.048628747
1907,0.9920183
1908,0.0056909025
1909,0.14911821
1910,0.0016079843
1911,0.4240851
1912,0.40410787
1913,0.9729013
1914,0.0012512207
1915,0.38556325
1916,0.06460187
1917,0.92225415
1918,0.86947715
1919,0.4918255
1920,0.28655645
1921,0.02498877
1922,0.010099769
1923,0.95587164
1924,0.99803305
1925,0.033753008
1926,0.76919204
1927,0.0044540763
1928,0.030061662
1929,0.031649977
1930,0.1990869
1931,0.01182574
1932,0.010652125
1933,0.66973126
1934,0.10287574
1935,0.09971598
1936,0.99329716
1937,0.25434822
1938,0.4840508
1939,0.029946804
1940,0.25615174
1941,0.0012136698
1942,0.26960444
1943,0.0014205873
1944,0.021831065
1945,0.9631281
1946,0.46925953
1947,0.6339898
1948,0.005927086
1949,0.8841382
1950,0.009530634
1951,0.001932621
1952,0.5521209
1953,5.473708e-05
1954,0.9996532
1955,0.9218949
1956,0.9673874
1957,0.99816275
1958,0.00020089746
1959,0.0013063252
1960,0.28997624
1961,0.27974373
1962,0.4286254
1963,0.5996774
1964,0.028633386
1965,0.2669407
1966,0.61778253
1967,0.12846333
1968,0.77130204
1969,0.76389647
1970,0.96983564
1971,0.6186938
1972,0.009405255
1973,0.98932105
1974,0.108234465
1975,0.9997841
1976,0.44206005
1977,0.63860154
1978,0.9642434
1979,0.06898439
1980,0.0019128919
1981,0.7810606
1982,0.99649584
1983,0.017553985
1984,0.33952153
1985,0.010175735
1986,0.74993753
1987,0.92922
1988,0.016216576
1989,0.47805423
1990,0.5205163
1991,0.0076848567
1992,0.8801533
1993,0.43716475
1994,0.9975644
1995,0.94599926
1996,0.8403257
1997,0.99458575
1998,0.00022143126
1999,0.1949814
2000,0.97893476
2001,0.00065630674
2002,0.98741925
2003,0.95500517
2004,0.78435785
2005,0.06743246
2006,0.6570182
2007,0.9821143
2008,0.15753168
2009,0.052204788
2010,0.8484839
2011,0.26538852
2012,0.97990876
2013,0.009873599
2014,0.8683968
2015,0.25357604
2016,0.18804342
2017,0.5413884
2018,0.23762485
2019,0.507027
2020,0.64472234
2021,0.9795344
2022,0.9964987
2023,0.17901552
2024,0.9997276
2025,0.008091956
2026,0.33989507
2027,0.9936666
2028,0.029251695
2029,0.30332032
2030,0.4449269
2031,0.77723885
2032,0.646683
2033,0.78857803
2034,0.24836114
2035,0.032076657
2036,0.49002835
2037,0.09640363
2038,0.026670754
2039,0.5953486
2040,0.9996007
2041,0.006392956
2042,0.0037002563
2043,0.0021182895
2044,0.08506262
2045,0.9862467
2046,0.9154615
2047,0.5835303
2048,0.99958026
2049,0.02195397
2050,0.029352397
2051,0.012278497
2052,0.974074
2053,0.00092995167
2054,0.027697384
2055,0.99992305
2056,0.02830714
2057,0.024396718
2058,0.0008613169
2059,0.04060936
2060,0.613195
2061,0.3875691
2062,0.055057675
2063,0.9999653
2064,0.2107287
2065,0.15162653
2066,0.038799107
2067,0.77672505
2068,0.9464178
2069,0.0042907596
2070,0.99559474
2071,0.9998981
2072,0.66657007
2073,0.9993181
2074,0.3734488
2075,0.037618876
2076,0.85683423
2077,0.058279037
2078,0.805405
2079,0.024907023
2080,0.7777139
2081,0.027246505
2082,0.4067701
2083,0.5611242
2084,0.011226773
2085,0.26286298
2086,0.0031230748
2087,0.006246537
2088,0.7767222
2089,0.064780414
2090,0.16635063
2091,0.10227162
2092,0.4629857
2093,0.001021564
2094,0.000117185315
2095,0.13071993
2096,0.5636203
2097,0.38036743
2098,0.29583988
2099,0.92423654
2100,0.1329675
2101,0.035576224
2102,0.07190031
2103,0.8766196
2104,0.9997511
2105,0.0010644197
2106,0.015685052
2107,0.9760695
2108,0.90450597
2109,0.0069877207
2110,0.034541607
2111,0.8616136
2112,0.0030201674
2113,0.036667854
2114,0.15194485
2115,0.81152105
2116,0.18216258
2117,0.9923575
2118,0.033997536
2119,0.0017499924
2120,0.033517808
2121,0.056194305
2122,0.11782205
2123,0.89932823
2124,0.0061872005
2125,0.048496872
2126,0.016616732
2127,0.1003395
2128,0.8981669
2129,0.031532347
2130,0.5378694
2131,0.32859576
2132,0.64953005
2133,0.8812586
2134,0.99534583
2135,0.9867633
2136,0.007603109
2137,0.12670988
2138,0.13372731
2139,0.9839213
2140,0.8540781
2141,0.5986535
2142,0.0009267628
2143,0.5160324
2144,0.8448187
2145,0.61443555
2146,0.7209078
2147,0.3794154
2148,0.20563248
2149,0.06281415
2150,0.49949685
2151,0.023329258
2152,0.06518957
2153,0.9567669
2154,0.57028216
2155,7.076428e-05
2156,0.91656965
2157,0.5434413
2158,0.021195084
2159,0.34984097
2160,0.38909465
2161,0.15100437
2162,0.8762555
2163,0.24613523
2164,0.9900662
2165,0.018305987
2166,0.00740999
2167,0.01038903
2168,0.0063809156
2169,0.9342202
2170,0.99994254
2171,0.03483069
2172,0.70545006
2173,0.849387
2174,0.034102887
2175,0.9999401
2176,0.16928235
2177,0.06314331
2178,0.02232489
2179,0.0444988
2180,0.38609493
2181,0.706485
2182,0.53624135
2183,0.060724795
2184,0.0026871562
2185,0.020057082
2186,0.004484862
2187,0.00016349554
2188,0.071365
2189,0.18836802
2190,0.00901553
2191,0.75412476
2192,0.38628834
2193,0.33186322
2194,0.9971139
2195,0.0100470185
2196,0.7736623
2197,0.03994465
2198,0.0013312995
2199,0.14155096
2200,0.95150846
2201,0.98698163
2202,0.09798756
2203,0.7100127
2204,0.7614929
2205,0.0019977987
2206,0.17885095
2207,0.99319786
2208,0.123596996
2209,0.11415246
2210,0.90264547
2211,0.1749027
2212,0.0009853244
2213,0.9995087
2214,0.80940187
2215,0.9986584
2216,0.991541
2217,0.03891763
2218,0.9171536
2219,0.0021146238
2220,0.954445
2221,0.07710403
2222,0.0052934587
2223,0.9361058
2224,0.47644448
2225,0.003021121
2226,5.339246e-05
2227,0.1597656
2228,0.6894407
2229,0.63146085
2230,0.060459197
2231,0.97276247
2232,0.5159748
2233,0.7600569
2234,0.999516
2235,0.019020528
2236,0.8961644
2237,0.04863605
2238,0.9941431
2239,0.9455526
2240,0.004453182
2241,0.0020822287
2242,0.7051759
2243,0.8772927
2244,0.501657
2245,0.17194614
2246,0.005651891
2247,0.5506944
2248,0.99908894
2249,0.9522812
2250,0.001172632
2251,0.021823078
2252,0.015773594
2253,0.044717222
2254,0.9799732
2255,0.9900656
2256,0.02605316
2257,0.0052190423
2258,4.147049e-05
2259,0.9455842
2260,0.7490596
2261,0.7018275
2262,0.067014575
2263,0.01330176
2264,0.003726095
2265,0.82613456
2266,0.93352205
2267,0.98361874
2268,0.13340592
2269,0.010040611
2270,0.9938457
2271,0.016486377
2272,0.9881259
2273,0.9984012
2274,0.6367261
2275,0.0032370985
2276,0.087960035
2277,0.13455212
2278,0.9941269
2279,0.20885766
2280,0.99216443
2281,0.003462553
2282,0.0024051964
2283,0.14320356
2284,0.76934254
2285,0.9699992
2286,0.16583124
2287,0.01274693
2288,0.12902454
2289,0.684109
2290,0.14617872
2291,0.0021997392
2292,0.08759934
2293,0.8902997
2294,0.5088873
2295,0.009819239
2296,0.032845885
2297,0.62657094
2298,0.9869541
2299,0.021044046
2300,0.0024393797
2301,0.76346207
2302,0.31360674
2303,0.31568682
2304,0.57779324
2305,0.008188754
2306,0.052031517
2307,0.98517823
2308,0.11132875
2309,0.12454331
2310,0.033545464
2311,0.9983194
2312,0.9938129
2313,0.17351216
2314,0.8313527
2315,0.33137554
2316,0.72190547
2317,0.00043559074
2318,0.02735582
2319,0.0051010847
2320,0.92002106
2321,0.75645816
2322,0.10063738
2323,0.00056537986
2324,0.025808454
2325,0.112555444
2326,0.99517167
2327,0.51385
2328,0.16418445
2329,0.06430784
2330,0.00013041496
2331,0.946746
2332,0.029506207
2333,0.7852806
2334,0.04391125
2335,0.10289863
2336,0.6091813
2337,0.008831322
2338,0.029309213
2339,0.3828429
2340,0.019206107
2341,0.06774688
2342,0.04066676
2343,0.03213185
2344,0.9120225
2345,0.7638285
2346,0.0011742115
2347,0.23631862
2348,0.41252136
2349,0.21908271
2350,0.7729672
2351,0.67509335
2352,0.1436024
2353,0.40712652
2354,0.03555146
2355,0.34584075
2356,0.26425207
2357,0.99841213
2358,0.022675902
2359,0.8768524
2360,0.39121374
2361,0.8358943
2362,0.95020366
2363,0.94015205
2364,0.99881417
2365,0.0005681217
2366,0.007872343
2367,0.08066422
2368,0.7026837
2369,0.99702966
2370,0.22408202
2371,0.0063456
2372,0.008907676
2373,0.99852985
2374,0.10792002
2375,0.9069407
2376,0.61974335
2377,0.4375063
2378,0.2801961
2379,0.15398493
2380,0.87313956
2381,0.2192617
2382,0.01755789
2383,0.0024470985
2384,0.0002924204
2385,0.41762343
2386,0.94538724
2387,0.0050133765
2388,0.035000026
2389,0.8216803
2390,0.3914507
2391,0.17425421
2392,0.026772559
2393,0.08508155
2394,0.8226591
2395,0.1359201
2396,0.017145097
2397,0.26173735
2398,0.04299134
2399,0.53409296
2400,0.8954034
2401,0.9409536
2402,0.003618747
2403,0.0005273521
2404,0.39697516
2405,0.9993557
2406,0.97212005
2407,0.94965696
2408,0.44152755
2409,0.11783549
2410,0.6569269
2411,0.8906429
2412,0.70964986
2413,0.99588674
2414,0.007666111
2415,0.00013378263
2416,0.00019779801
2417,0.022529215
2418,0.06267908
2419,0.9405751
2420,0.27617073
2421,0.8959627
2422,0.026138127
2423,0.09669244
2424,0.16835997
2425,0.049871087
2426,0.19663072
2427,0.41787264
2428,0.025881171
2429,0.122941196
2430,0.020595312
2431,0.14223367
2432,0.77384955
2433,0.9967363
2434,0.02119258
2435,0.042527407
2436,0.11104703
2437,0.13503236
2438,0.9918177
2439,0.040856212
2440,0.48483416
2441,0.14583501
2442,0.98473346
2443,9.573421e-05
2444,0.29010564
2445,0.9904048
2446,0.9127329
2447,0.06509015
2448,0.055051297
2449,0.7223003
2450,0.044080853
2451,0.96739054
2452,0.16445345
2453,0.84874856
2454,0.9801964
2455,0.13125551
2456,0.3403179
2457,0.13831753
2458,0.87629116
2459,0.98011816
2460,0.38934693
2461,0.95038795
2462,0.94500947
2463,0.01744008
2464,0.9774815
2465,0.00019773841
2466,0.9712208
2467,0.0020956397
2468,0.03343579
2469,0.92799187
2470,0.22997627
2471,0.001848042
2472,0.9001276
2473,0.32591164
2474,0.27294672
2475,0.47419593
2476,0.63258433
2477,0.9786991
2478,0.7053181
2479,0.3026827
2480,0.73356706
2481,0.17091149
2482,0.37193805
2483,0.07316485
2484,0.63596463
2485,0.43703032
2486,0.48418355
2487,0.9064983
2488,0.018710524
2489,0.08030355
2490,0.48195592
2491,0.3813759
2492,0.06441146
2493,0.15570912
2494,0.93361217
2495,0.9255968
2496,0.15193024
2497,0.8738526
2498,0.019413143
2499,0.13629451
2500,0.82554215
2501,0.39446843
2502,0.99403477
2503,0.34221464
2504,0.04633081
2505,0.75570786
2506,0.00010859079
2507,0.26271182
2508,0.9330734
2509,0.066283435
2510,0.9645314
2511,0.9156693
2512,0.10301605
2513,0.99534786
2514,0.9610788
2515,0.022788286
2516,0.5978251
2517,0.71141386
2518,0.32785147
2519,0.43491447
2520,0.30114517
2521,0.30388597
2522,0.42923343
2523,0.01729688
2524,0.06948522
2525,0.2899899
2526,0.9717977
2527,0.067094624
2528,0.96178293
2529,0.7871852
2530,0.034129888
2531,0.0028519332
2532,0.6264438
2533,0.0046394765
2534,0.9532192
2535,0.34765542
2536,0.0037871897
2537,0.0930475
2538,0.8982083
2539,0.1025033
2540,0.013694465
2541,0.9990293
2542,0.0059512854
2543,0.6194672
2544,9.478108e-05
2545,0.0025787354
2546,0.015804708
2547,0.5658283
2548,0.0014310479
2549,0.00029203296
2550,0.01646939
2551,0.02050206
2552,0.4889208
2553,0.0049175024
2554,0.7496611
2555,0.1787602
2556,0.81119657
2557,0.29361886
2558,0.18528238
2559,0.021143764
2560,0.8962492
2561,0.08864522
2562,0.00044080615
2563,0.1318681
2564,0.6715793
2565,0.5257297
2566,0.88715523
2567,0.038597405
2568,0.93574566
2569,0.03380817
2570,0.12907314
2571,0.1488409
2572,0.0006763935
2573,0.028339654
2574,0.9935314
2575,0.9959599
2576,0.24041948
2577,0.0049241483
2578,0.5915158
2579,0.01547724
2580,0.58912784
2581,0.04477209
2582,0.26291585
2583,0.07498649
2584,0.99589515
2585,0.9933031
2586,0.17230684
2587,0.0009048879
2588,0.0046994984
2589,0.09514582
2590,0.28999227
2591,0.799436
2592,0.62111896
2593,0.10306996
2594,0.30407172
2595,0.36071306
2596,0.67277884
2597,0.97884315
2598,0.23995072
2599,0.00015807152
2600,0.88263595
2601,0.0004864931
2602,0.02584973
2603,0.8425236
2604,0.8684502
2605,0.9952327
2606,0.21521944
2607,0.014785886
2608,0.93844515
2609,0.8559864
2610,0.98302454
2611,0.9135873
2612,0.05365184
2613,0.7697605
2614,0.8936236
2615,0.002841562
2616,0.32219267
2617,0.8194782
2618,0.20552889
2619,0.045930684
2620,0.014032364
2621,0.00037258863
2622,0.87058485
2623,0.088808835
2624,0.032162488
2625,0.010329515
2626,0.23328993
2627,0.04672104
2628,0.35897723
2629,0.16134399
2630,0.8007531
2631,0.0011537075
2632,0.8092108
2633,0.048584253
2634,0.7610842
2635,0.9355223
2636,0.21545899
2637,0.46308264
2638,0.0003976822
2639,0.1501207
2640,0.0020165741
2641,0.3447479
2642,0.9527044
2643,0.9922568
2644,0.5332687
2645,0.99991775
2646,0.59665215
2647,0.0023851097
2648,0.10077345
2649,0.11437726
2650,0.04426086
2651,0.23312795
2652,0.06784108
2653,0.3649408
2654,0.022993535
2655,0.9800249
2656,0.9997393
2657,0.36427706
2658,0.75846875
2659,0.7309043
2660,0.10106769
2661,0.9095195
2662,0.20658079
2663,0.31143594
2664,0.6213835
2665,0.9212013
2666,0.004055947
2667,0.81395054
2668,0.008545309
2669,0.7836763
2670,0.9998535
2671,0.5084435
2672,0.6955616
2673,0.09732005
2674,0.025143683
2675,0.81443894
2676,0.0016942024
2677,0.99243826
2678,0.010246456
2679,0.9864471
2680,0.06081173
2681,0.66026103
2682,0.9509863
2683,0.76188254
2684,0.026067019
2685,0.9887965
2686,0.49275535
2687,0.021147579
2688,0.18663448
2689,0.038534313
2690,0.027868599
2691,0.12168151
2692,0.41022742
2693,0.017519653
2694,0.020388573
2695,0.049484015
2696,0.041508228
2697,0.0047496557
2698,0.99518156
2699,0.024179995
2700,0.99403965
2701,0.020166129
2702,0.6646763
2703,0.3019945
2704,0.19774836
2705,0.0029459596
2706,0.8589313
2707,0.359896
2708,0.0016213953
2709,1.8412547e-05
2710,0.013501167
2711,0.87901044
2712,0.24694628
2713,0.983429
2714,0.081961304
2715,0.0038745105
2716,0.15557835
2717,0.48289117
2718,0.8378208
2719,0.0108368695
2720,0.09902707
2721,0.77161396
2722,0.124245405
2723,0.1349329
2724,0.19738775
2725,0.6855092
2726,0.020406634
2727,0.7709912
2728,0.18716574
2729,0.84703743
2730,0.8090761
2731,0.08357608
2732,0.999851
2733,0.023858428
2734,0.14184922
2735,0.12210667
2736,0.4395529
2737,0.20198768
2738,0.9920979
2739,0.9996921
2740,0.989679
2741,0.7002878
2742,0.9954408
2743,0.3197342
2744,0.1381625
2745,0.0015802681
2746,0.9976692
2747,0.95450044
2748,0.003542602
2749,0.2562981
2750,0.1964755
2751,0.97111166
2752,0.12100184
2753,0.22132203
2754,0.017167956
2755,0.3527283
2756,0.22662488
2757,0.4154827
2758,0.0010509193
2759,0.0009498894
2760,0.39832205
2761,0.10695785
2762,0.91880256
2763,0.58234817
2764,0.0921343
2765,0.01286754
2766,0.98221093
2767,0.29155782
2768,0.6346185
2769,0.004840851
2770,0.011841238
2771,0.0012027323
2772,0.21182173
2773,0.0035409927
2774,0.27230436
2775,0.41824403
2776,0.61246014
2777,0.9675772
2778,0.9803474
2779,0.14286667
2780,0.11048335
2781,0.9997032
2782,0.0011782944
2783,0.00014734268
2784,0.32046977
2785,0.00964424
2786,0.11659202
2787,0.6542442
2788,0.99876356
2789,0.915084
2790,0.55731976
2791,0.01563394
2792,0.87014604
2793,0.99943185
2794,0.6693661
2795,0.025039941
2796,0.11419204
2797,0.0005811155
2798,0.90187526
2799,0.059292704
2800,0.6980789
2801,0.90591896
2802,0.039772153
2803,0.035740077
2804,0.11406076
2805,0.8011328
2806,0.00979659
2807,0.00021570921
2808,0.16992554
2809,0.29848647
2810,0.8152993
2811,0.27948856
2812,0.27230346
2813,0.9587022
2814,0.040765494
2815,0.6196952
2816,0.58069193
2817,0.39615634
2818,0.93451077
2819,0.00036594272
2820,0.7473655
2821,0.43496782
2822,0.20235303
2823,0.21741882
2824,0.014475793
2825,0.7466073
2826,0.058878273
2827,0.9470316
2828,0.9995562
2829,0.16527674
2830,0.116867214
2831,0.020168662
2832,0.95574355
2833,2.7587865e-05
2834,0.99472076
2835,0.9928726
2836,0.57643175
2837,0.013174623
2838,0.056622
2839,0.72595096
2840,0.9914825
2841,0.11801508
2842,0.97580737
2843,0.14205116
2844,0.32643104
2845,0.99994296
2846,0.28502828
2847,0.94873047
2848,0.15407005
2849,0.24797028
2850,0.68822074
2851,0.051464856
2852,0.06367841
2853,0.72601765
2854,0.11263168
2855,0.11070514
2856,0.013403416
2857,0.26096404
2858,0.4459568
2859,0.18431139
2860,0.8587003
2861,0.4155087
2862,0.057033807
2863,0.30517045
2864,0.123506844
2865,0.9859597
2866,0.6831218
2867,0.99880517
2868,0.519777
2869,0.0026596189
2870,0.020548582
2871,0.4530602
2872,0.0784502
2873,0.99718666
2874,0.06410015
2875,0.010471374
2876,0.051041454
2877,0.034447253
2878,0.9526855
2879,0.9805169
2880,0.0097871125
2881,0.03221339
2882,0.07824272
2883,0.28802526
2884,0.99684507
2885,0.031041473
2886,0.22011441
2887,0.015874445
2888,0.06880751
2889,0.4843123
2890,0.9881507
2891,0.9745566
2892,0.9466359
2893,0.08688828
2894,0.043649614
2895,0.9747714
2896,0.078271955
2897,0.12026018
2898,0.78838223
2899,0.999896
2900,0.98731506
2901,0.7045356
2902,0.16341811
2903,0.89491487
2904,0.967345
2905,0.07935774
2906,0.99946547
2907,0.00025442243
2908,0.062204003
2909,0.74357116
2910,0.6733049
2911,0.57580113
2912,0.0023195744
2913,0.79188895
2914,0.10928902
2915,0.9767723
2916,0.8955795
2917,0.072481185
2918,0.49658355
2919,0.060872853
2920,0.009333789
2921,0.0059762597
2922,0.053313285
2923,0.18439287
2924,0.269598
2925,0.99639356
2926,0.00026658177
2927,0.00072541833
2928,0.05952999
2929,0.32735232
2930,0.028193593
2931,0.944765
2932,0.04698944
2933,0.28968456
2934,0.96804416
2935,0.22239631
2936,0.018613279
2937,0.9635349
2938,0.9823985
2939,0.9448858
2940,0.6522538
2941,0.024353474
2942,0.56746894
2943,0.9501729
2944,0.30999738
2945,0.26408678
2946,0.0093333125
2947,0.837698
2948,0.7050476
2949,0.3193406
2950,0.85931057
2951,0.067935795
2952,0.8357277
2953,0.7608708
2954,0.99956924
2955,0.34164083
2956,0.4030823
2957,0.109249115
2958,0.074719906
2959,0.44469038
2960,0.035250276
2961,0.6163381
2962,0.02367872
2963,0.12652618
2964,0.9541688
2965,0.617486
2966,0.0025898814
2967,0.0048603415
2968,0.9240257
2969,0.00018632412
2970,0.4146848
2971,0.25265735
2972,0.32409272
2973,0.7607852
2974,0.4825698
2975,0.8696159
2976,0.33703756
2977,0.0013387203
2978,0.95822763
2979,0.00996989
2980,0.0008918345
2981,0.91384816
2982,0.97800326
2983,0.12508643
2984,0.81414104
2985,0.9884263
2986,0.9701824
2987,0.0035563707
2988,0.07499647
2989,0.032976776
2990,0.7681534
2991,0.9929148
2992,0.0035984516
2993,0.2608496
2994,0.046028793
2995,0.10132924
2996,0.41473538
2997,0.042871326
2998,0.9977486
2999,0.0010824203
3000,0.85502815
3001,0.9994422
3002,0.9767864
3003,0.8816277
3004,0.87707126
3005,0.1915248
3006,0.41994274
3007,0.016260475
3008,0.99990237
3009,0.051627994
3010,0.025676876
3011,0.006436914
3012,0.0052595735
3013,0.07707375
3014,0.0077441335
3015,0.015833616
3016,0.6151199
3017,0.8503511
3018,0.9957303
3019,0.9924289
3020,0.99486035
3021,0.9991787
3022,0.0029603243
3023,0.9747952
3024,0.03695783
3025,0.9727783
3026,0.8327919
3027,0.9763887
3028,0.35154706
3029,0.6622762
3030,0.71355253
3031,0.26654974
3032,0.99994224
3033,0.058716655
3034,0.0005428493
3035,0.0455707
3036,0.0033324063
3037,0.007251948
3038,0.20120892
3039,0.10911822
3040,0.056726366
3041,0.006979853
3042,0.04834658
3043,0.9006729
3044,0.47811723
3045,0.8942728
3046,0.99897546
3047,0.070486784
3048,0.033743054
3049,0.963783
3050,0.18900824
3051,0.024505168
3052,0.9906665
3053,0.022665352
3054,0.111712694
3055,0.7011195
3056,0.70325726
3057,0.083684266
3058,0.034217656
3059,0.907145
3060,0.9394537
3061,0.87483895
3062,0.99994695
3063,0.88792205
3064,0.7957654
3065,0.98539805
3066,0.98274434
3067,0.83248
3068,0.14937449
3069,0.9623025
3070,0.009831578
3071,0.14131707
3072,0.005603552
3073,0.010154843
3074,0.98845184
3075,0.886088
3076,0.59461915
3077,0.6621442
3078,0.7596495
3079,0.10912132
3080,0.9594594
3081,0.76237166
3082,0.2556758
3083,0.9952545
3084,0.0070962906
3085,0.6037773
3086,0.1971598
3087,0.99928045
3088,0.010495901
3089,0.8392916
3090,0.0002092123
3091,0.0045306683
3092,0.04171118
3093,0.9987064
3094,0.5579039
3095,0.6981648
3096,0.077708244
3097,0.9688362
3098,0.88735616
3099,0.68197894
3100,0.30190894
3101,0.23274925
3102,0.13034117
3103,0.07855764
3104,0.97358656
3105,0.5889664
3106,0.7631779
3107,0.76837635
3108,0.26097503
3109,0.02584529
3110,0.5482916
3111,0.9352338
3112,0.0010880232
3113,0.8137489
3114,0.8955114
3115,0.08658126
3116,0.013361692
3117,0.18432021
3118,0.6988054
3119,0.028019488
3120,0.99921453
3121,0.7943304
3122,0.6036382
3123,0.016860962
3124,0.96064126
3125,0.006690532
3126,0.68782663
3127,0.005686283
3128,0.085736066
3129,0.01531437
3130,0.020896912
3131,0.13710198
3132,0.98578477
3133,0.79134566
3134,0.41816926
3135,0.4521362
3136,0.9199779
3137,0.96121705
3138,0.8809868
3139,0.4822084
3140,0.36649975
3141,0.811813
3142,0.6651416
3143,0.047220618
3144,0.43795452
3145,0.9648894
3146,0.9089624
3147,0.2600785
3148,0.28797108
3149,0.0003476143
3150,0.45779425
3151,0.19798672
3152,0.017262548
3153,0.1290319
3154,0.99722487
3155,0.010727137
3156,0.02600643
3157,0.012693793
3158,0.8175378
3159,0.9966328
3160,0.0051071346
3161,0.9781799
3162,0.40139085
3163,0.0021775365
3164,0.063093305
3165,0.56208587
3166,0.025128901
3167,0.0047311187
3168,0.19077006
3169,0.0137170255
3170,0.09662163
3171,0.9582374
3172,0.81871265
3173,0.021623999
3174,0.96763694
3175,0.05767885
3176,0.056696653
3177,0.99989843
3178,0.86462116
3179,0.15821284
3180,0.92472064
3181,0.10165131
3182,0.00018122792
3183,0.036245584
3184,0.0054961443
3185,0.50560886
3186,0.7932965
3187,0.13309461
3188,0.9396864
3189,0.0021460652
3190,0.9628031
3191,0.001606673
3192,0.95756066
3193,0.052069813
3194,0.07141286
3195,0.20725358
3196,0.009039193
3197,0.6674702
3198,0.6114004
3199,0.5404238
3200,0.9436845
3201,0.003653288
3202,0.3370735
3203,0.132016
3204,0.21051773
3205,0.08500981
3206,0.7023643
3207,0.68342876
3208,0.9237429
3209,0.032725364
3210,0.030774027
3211,0.04665625
3212,0.28000152
3213,0.7830516
3214,0.06324509
3215,0.08619517
3216,0.054044157
3217,0.5524501
3218,0.001642108
3219,0.005549133
3220,0.0028861463
3221,0.0732221
3222,0.0062766373
3223,0.72164977
3224,0.04649791
3225,0.28656688
3226,0.997829
3227,0.12481433
3228,0.42167488
3229,0.19420603
3230,0.4570309
3231,0.12898144
3232,0.99809074
3233,0.007554263
3234,0.75618875
3235,0.10181889
3236,0.18421957
3237,0.0049104393
3238,0.032416075
3239,0.9119752
3240,0.18580893
3241,0.21057814
3242,0.9954764
3243,0.1957252
3244,0.0070956945
3245,0.0073044
3246,0.64180475
3247,0.34011704
3248,0.99826086
3249,0.76857674
3250,0.04218307
3251,0.40729195
3252,0.99721915
3253,0.06196338
3254,0.6168805
3255,0.94245225
3256,0.064270616
3257,0.017346114
3258,0.011077732
3259,0.8109716
3260,0.055014998
3261,0.004111916
3262,0.028139174
3263,0.9734891
3264,0.14030221
3265,0.036102176
3266,0.96136254
3267,0.382456
3268,0.99935544
3269,0.999866
3270,0.5799109
3271,0.76377124
3272,0.92220235
3273,0.4874437
3274,0.96152925
3275,0.7895112
3276,0.15109402
3277,0.99115145
3278,0.16022295
3279,0.99272275
3280,0.99685335
3281,0.9239367
3282,0.0027533174
3283,0.9991402
3284,0.9415097
3285,0.02553761
3286,0.37327728
3287,0.9679475
3288,0.07416049
3289,0.006599784
3290,0.27942193
3291,0.53316456
3292,0.0637947
3293,0.29608482
3294,0.9996265
3295,0.908082
3296,0.65536755
3297,0.03237462
3298,0.42654586
3299,0.95993656
3300,6.667817e-05
3301,0.035880446
3302,0.14053535
3303,0.010333657
3304,0.0023126602
3305,0.019033134
3306,0.99937105
3307,0.9968096
3308,0.9933901
3309,0.98694193
3310,0.94734776
3311,0.00090798736
3312,0.910223
3313,0.0693661
3314,0.8100635
3315,0.06139788
3316,0.0005386472
3317,0.12985215
3318,0.32580352
3319,0.99999607
3320,0.7632514
3321,0.1622707
3322,0.13473052
3323,0.44023252
3324,0.8854916
3325,0.055131167
3326,0.0044091344
3327,0.0023626685
3328,0.9986261
3329,0.9985826
3330,0.032430023
3331,0.21657506
3332,0.063057065
3333,0.061654866
3334,0.25339043
3335,0.00777176
3336,0.75053084
3337,0.2881349
3338,0.115247786
3339,0.00071546435
3340,0.69559085
3341,0.97981733
3342,0.4787711
3343,0.95171976
3344,0.9046469
3345,0.9319297
3346,0.44274947
3347,0.006200403
3348,0.9661466
3349,0.00041219592
3350,0.9795962
3351,0.006843388
3352,0.0003604293
3353,0.009979367
3354,0.9996622
3355,0.74758273
3356,0.23537746
3357,0.38566053
3358,0.99529237
3359,0.5521214
3360,0.8204403
3361,0.9846582
3362,0.070456505
3363,0.007365346
3364,0.5044879
3365,0.19704482
3366,0.0058469474
3367,0.6574125
3368,0.019824564
3369,0.51387197
3370,0.276325
3371,0.6227993
3372,0.00786075
3373,0.069508344
3374,0.9359984
3375,0.95468044
3376,0.082086444
3377,0.065787226
3378,0.023438156
3379,0.99964297
3380,0.09520209
3381,0.19570094
3382,0.020746976
3383,0.0023371875
3384,0.043067396
3385,0.94158816
3386,0.70616615
3387,0.37140423
3388,0.011555016
3389,0.7808693
3390,0.98508143
3391,0.5371913
3392,0.99931747
3393,0.97296
3394,0.061123848
3395,0.027460158
3396,0.064397246
3397,0.033949643
3398,0.30535415
3399,0.09894037
3400,0.15779483
3401,0.17258114
3402,0.20228836
3403,0.7510998
3404,0.7341428
3405,0.994126
3406,0.49012694
3407,0.004525572
3408,0.008631438
3409,0.6522287
3410,0.027475178
3411,0.9981467
3412,0.1617657
3413,0.99886775
3414,0.9866939
3415,0.9869267
3416,0.7663467
3417,0.17668223
3418,0.24150276
3419,0.23165584
3420,0.9985336
3421,0.037560493
3422,0.62483424
3423,0.99690604
3424,0.18148836
3425,0.48355174
3426,0.030759364
3427,0.5560827
3428,0.035401464
3429,0.9065592
3430,0.9985732
3431,0.009526283
3432,0.009234339
3433,0.9961386
3434,4.775009e-05
3435,0.42303583
3436,0.73006624
3437,0.00090295076
3438,0.009758204
3439,0.20233756
3440,0.016282588
3441,0.9983802
3442,0.28431362
3443,0.9205052
3444,0.9616604
3445,0.032531857
3446,0.9357821
3447,0.0038688183
3448,0.07048559
3449,0.9327861
3450,0.6647055
3451,0.036161363
3452,0.16952297
3453,0.99463856
3454,0.006937921
3455,0.27400243
3456,0.10269287
3457,0.26339495
3458,0.19855234
3459,0.7948248
3460,0.9871045
3461,5.08507e-05
3462,0.403898
3463,0.2224679
3464,0.6391193
3465,0.47865725
3466,0.19232771
3467,0.022258252
3468,0.9730938
3469,0.27582324
3470,0.0040011406
3471,0.18537167
3472,0.2540301
3473,0.9379308
3474,0.5796024
3475,0.0003681183
3476,0.97064257
3477,0.97853535
3478,0.9614383
3479,0.5391194
3480,0.78493917
3481,0.01866752
3482,0.015068829
3483,0.8687149
3484,0.078725934
3485,0.99948555
3486,0.06176433
3487,0.66949046
3488,0.97418225
3489,0.02731347
3490,0.46903253
3491,0.4311748
3492,0.98941433
3493,0.46478868
3494,0.31314448
3495,0.94882154
3496,0.0012784898
3497,0.52400607
3498,0.0082193315
3499,0.9998303
3500,0.25145888
3501,0.08685261
3502,0.24136043
3503,0.9409216
3504,0.19667205
3505,0.0012126267
3506,0.109024346
3507,0.9348279
3508,0.7180972
3509,0.8400141
3510,0.69767797
3511,0.9979199
3512,0.10562855
3513,0.03173828
3514,0.3970786
3515,0.7226105
3516,0.56807196
3517,0.058149844
3518,0.9968247
3519,0.026584715
3520,0.006098032
3521,0.0038305223
3522,0.059186637
3523,0.09135452
3524,0.09814206
3525,0.10699159
3526,0.19745687
3527,0.0033082664
3528,0.043872952
3529,0.7078991
3530,0.19687742
3531,0.00036653876
3532,0.5213127
3533,0.41107622
3534,0.06537649
3535,0.9126064
3536,0.13998958
3537,0.17168546
3538,0.060894817
3539,0.012612373
3540,0.3083206
3541,0.012897134
3542,0.009217918
3543,0.1118685
3544,0.99240327
3545,0.9911382
3546,0.005043179
3547,0.63113713
3548,0.021191508
3549,0.9992318
3550,0.9966832
3551,0.042594343
3552,0.9815876
3553,0.6474597
3554,0.7420876
3555,0.9981713
3556,0.35814723
3557,0.035149664
3558,0.9888617
3559,0.88538086
3560,0.11736491
3561,0.19760376
3562,0.8213978
3563,0.84446996
3564,0.7205645
3565,0.9950878
3566,0.94492805
3567,0.018906802
3568,0.38774726
3569,0.014071941
3570,0.6351875
3571,0.9884895
3572,0.1970107
3573,0.00017043948
3574,0.07931134
3575,0.16110656
3576,0.5881848
3577,0.8381115
3578,0.26927754
3579,0.13190183
3580,0.04303819
3581,0.3547365
3582,0.86975396
3583,0.005963236
3584,0.00032752752
3585,0.0030787587
3586,0.14622703
3587,0.06875265
3588,0.8952489
3589,0.076963454
3590,0.027401
3591,0.09214905
3592,0.0039542615
3593,0.81432164
3594,0.77583754
3595,0.78564125
3596,0.017467767
3597,0.0011652112
3598,0.44321287
3599,0.0019690096
3600,0.99810314
3601,0.22935492
3602,0.81632304
3603,0.4034006
3604,0.82878757
3605,0.68000495
3606,0.68166584
3607,0.0017998517
3608,0.94270915
3609,0.059455752
3610,0.42664683
3611,0.33934754
3612,0.30011898
3613,0.00024232268
3614,0.51619184
3615,0.12963596
3616,0.03594011
3617,0.183404
3618,0.21330357
3619,0.06636217
3620,0.98879755
3621,0.6456145
3622,0.17393762
3623,0.5690011
3624,0.004156798
3625,0.042740285
3626,0.61956894
3627,0.68935466
3628,0.133796
3629,0.00043070316
3630,0.9814003
3631,0.00011175057
3632,0.0050771236
3633,0.0064605176
3634,0.6057299
3635,0.8872712
3636,0.06346336
3637,0.97164965
3638,0.79485524
3639,0.15310809
3640,0.88691235
3641,0.81539375
3642,0.0052933097
3643,0.9996371
3644,0.40209433
3645,0.06095314
3646,0.84126353
3647,0.997555
3648,0.23971137
3649,0.118415534
3650,0.11787811
3651,0.12528014
3652,0.1320661
3653,0.63308203
3654,0.0012265742
3655,0.0025335848
3656,0.8722957
3657,0.06246978
3658,0.07087228
3659,0.9996528
3660,0.91214144
3661,0.6972398
3662,0.44587022
3663,0.99990815
3664,0.006601393
3665,0.49906048
3666,0.0060403943
3667,0.07115704
3668,0.9874557
3669,0.023283541
3670,0.19447452
3671,0.47186992
3672,0.036485136
3673,0.80998075
3674,0.7931552
3675,0.0037288666
3676,0.15868357
3677,0.0054289997
3678,0.5444764
3679,0.98448384
3680,0.0007017255
3681,0.13018349
3682,0.020903707
3683,0.8461548
3684,0.49717167
3685,0.5797876
3686,0.9870195
3687,0.87870824
3688,0.15540066
3689,0.5889406
3690,0.0848763
3691,0.0074634254
3692,0.55029625
3693,0.99806315
3694,0.99907476
3695,0.024131626
3696,0.88466144
3697,0.9500656
3698,3.675063e-05
3699,0.16272315
3700,0.96657264
3701,0.99978364
3702,0.19734174
3703,0.030868143
3704,0.6125489
3705,0.018302351
3706,0.40700656
3707,0.99966395
3708,0.9357519
3709,0.19074547
3710,0.45745632
3711,0.023807317
3712,0.09838906
3713,0.3038395
3714,0.37015247
3715,7.3936404e-05
3716,0.0566701
3717,0.004934281
3718,0.9650445
3719,0.004844576
3720,0.12184799
3721,0.99926233
3722,0.124204874
3723,0.9966395
3724,0.32531387
3725,0.43450958
3726,0.00033289194
3727,0.11608726
3728,0.845598
3729,0.026064247
3730,0.9999771
3731,0.99369127
3732,0.8627801
3733,0.9459195
3734,0.5991559
3735,0.08992657
3736,0.19906175
3737,0.035941094
3738,0.009678483
3739,0.049745917
3740,0.37037247
3741,0.0007637739
3742,0.19094732
3743,0.89893013
3744,0.9969835
3745,0.00024113059
3746,0.018343866
3747,0.7680012
3748,0.9379413
3749,0.0014183819
3750,0.013779849
3751,0.0042922497
3752,0.4382569
3753,0.14619386
3754,0.44334128
3755,0.021616459
3756,0.090847164
3757,0.7672107
3758,0.9325113
3759,0.00010334351
3760,0.07441908
3761,0.99467385
3762,0.81407225
3763,0.0013961792
3764,0.12870523
3765,0.00038677454
3766,0.12463212
3767,0.05394262
3768,0.74001926
3769,0.047875673
3770,0.013798565
3771,0.26410383
3772,0.8821911
3773,0.6920214
3774,0.010632426
3775,0.20719156
3776,0.03215775
3777,0.46373764
3778,0.99885106
3779,0.4613759
3780,0.733363
3781,0.99968237
3782,0.00034305453
3783,0.19421554
3784,0.9946089
3785,0.99869126
3786,0.1660412
3787,0.9902261
3788,0.31236762
3789,0.007025987
3790,0.9127018
3791,0.27006996
3792,0.00012731552
3793,0.9685666
3794,0.005794078
3795,0.5739332
3796,0.9193338
3797,0.9722804
3798,0.00037279725
3799,0.013299614
3800,0.99964225
3801,0.14888054
3802,0.10935336
3803,0.90097207
3804,0.90876293
3805,0.9998007
3806,0.97853285
3807,0.56947136
3808,0.2479356
3809,0.13498071
3810,0.0013697743
3811,0.9977455
3812,0.05095169
3813,0.9624412
3814,0.25190344
3815,0.26381215
3816,0.9572357
3817,0.021272928
3818,0.0032088757
3819,0.056574196
3820,0.42989916
3821,0.7468473
3822,0.6325153
3823,0.8805305
3824,0.84092724
3825,0.1604822
3826,0.69235563
3827,0.25766227
3828,0.7711513
3829,0.00013932586
3830,0.6038827
3831,0.30029392
3832,0.015133917
3833,0.540105
3834,0.026505858
3835,0.5848787
3836,0.9420788
3837,0.9998815
3838,0.002583176
3839,0.00085285306
3840,0.59751445
3841,0.0062936842
3842,0.7162066
3843,0.998482
3844,0.00079777837
3845,0.072282225
3846,7.806642e-05
3847,0.983263
3848,0.20569834
3849,0.11956936
3850,0.46241254
3851,0.5382034
3852,0.751237
3853,0.99472487
3854,0.024645597
3855,0.996835
3856,0.19861412
3857,0.09649661
3858,0.02677089
3859,0.008478403
3860,0.20253798
3861,0.68523324
3862,0.03409785
3863,0.14181805
3864,0.7880997
3865,0.12043968
3866,0.8676262
3867,0.027806967
3868,0.69105244
3869,0.9901144
3870,0.0058465004
3871,0.9634037
3872,0.7826506
3873,0.9694573
3874,0.0015370846
3875,0.0047607124
3876,0.002392292
3877,0.00021609664
3878,0.029450685
3879,0.027015746
3880,0.93887544
3881,0.082221776
3882,0.063007504
3883,0.9319533
3884,0.032001555
3885,0.63994616
3886,0.0025131404
3887,0.20054212
3888,0.9993365
3889,0.71916264
3890,0.03189838
3891,0.009717137
3892,0.0007390082
3893,0.009566963
3894,0.066333055
3895,0.3778856
3896,0.0015547574
3897,0.040495098
3898,0.084733546
3899,0.11633447
3900,0.35316908
3901,0.08447644
3902,0.5692974
3903,0.09317154
3904,0.2662735
3905,0.98987055
3906,0.99941826
3907,0.99908257
3908,0.08576992
3909,0.9650026
3910,0.70001125
3911,0.24743319
3912,0.17906514
3913,0.99834454
3914,0.0943982
3915,0.83412635
3916,0.16276664
3917,0.19135144
3918,0.07859227
3919,0.0069686174
3920,0.13342243
3921,1.3768389e-05
3922,0.058496296
3923,0.41582477
3924,0.024529576
3925,0.48712167
3926,0.057005644
3927,0.028237462
3928,0.65307266
3929,0.9888183
3930,0.1321181
3931,0.99983454
3932,0.9850318
3933,0.9470513
3934,0.6758973
3935,0.01309675
3936,0.97574914
3937,0.9999068
3938,0.00015479326
3939,0.09662804
3940,0.97307986
3941,0.048581988
3942,0.9512691
3943,0.021703929
3944,0.9985714
3945,0.088045776
3946,0.041922122
3947,0.0017718673
3948,0.01398313
3949,0.100521475
3950,0.24728188
3951,0.16481325
3952,0.0043919683
3953,0.041418403
3954,0.031320542
3955,0.33264834
3956,0.01248008
3957,0.81282514
3958,0.00608173
3959,0.94538504
3960,0.8911693
3961,0.004058659
3962,0.9934149
3963,0.5130248
3964,0.7658454
3965,0.07053703
3966,0.03840977
3967,0.046328843
3968,0.59648484
3969,0.23211366
3970,0.8463514
3971,0.6162263
3972,0.06041637
3973,0.0019367039
3974,0.62265897
3975,0.30016142
3976,0.0065357983
3977,0.0007317662
3978,0.23472682
3979,0.17796758
3980,0.52265376
3981,0.27112663
3982,0.9999223
3983,0.99976194
3984,0.74050397
3985,0.7176426
3986,0.85016537
3987,0.2615483
3988,0.4527605
3989,0.0038295686
3990,0.9940834
3991,0.9877744
3992,0.7620201
3993,0.8570118
3994,0.05457923
3995,0.77921426
3996,0.99265826
3997,0.04304576
3998,0.6357676
3999,0.8836045
4000,0.038732976
4001,0.00030219555
4002,0.8839747
4003,0.31431508
4004,0.26327085
4005,0.5141086
4006,0.4080911
4007,0.017605782
4008,0.015801638
4009,0.9435934
4010,0.011837155
4011,0.18577585
4012,0.007906824
4013,0.99442744
4014,0.8652791
4015,0.8046373
4016,0.039961576
4017,0.19439429
4018,0.95969105
4019,0.60195565
4020,0.44735947
4021,0.03971517
4022,0.9384743
4023,0.11414564
4024,0.027493984
4025,0.2895447
4026,0.10428807
4027,0.6882434
4028,0.00079134107
4029,0.99836683
4030,0.04763171
4031,0.2123028
4032,0.08396849
4033,0.49605617
4034,0.053379238
4035,0.09677708
4036,0.19279015
4037,0.001013279
4038,0.3235762
4039,0.14426935
4040,0.9512757
4041,0.04337856
4042,0.6930734
4043,0.057111382
4044,0.9996431
4045,0.00046539307
4046,0.00082460046
4047,0.99946594
4048,0.93600404
4049,0.4325143
4050,0.31708658
4051,0.12355259
4052,0.5805392
4053,0.9722692
4054,0.52153283
4055,0.7979862
4056,0.06378901
4057,0.93017185
4058,0.0833464
4059,0.9952048
4060,0.028090894
4061,0.015326142
4062,0.5540695
4063,0.06350905
4064,0.8366879
4065,0.009871006
4066,0.3645864
4067,0.0073315203
4068,0.67265356
4069,0.415483
4070,0.5384852
4071,0.121359855
4072,0.027530015
4073,5.9701277e-05
4074,0.03158331
4075,0.017998964
4076,0.04470238
4077,0.97991
4078,0.03076303
4079,0.6778891
4080,0.22954628
4081,0.48755282
4082,0.0911046
4083,0.32144594
4084,0.9695394
4085,0.0033142865
4086,0.5069901
4087,0.004910141
4088,0.06981939
4089,0.9924394
4090,0.8897254
4091,0.69709635
4092,0.69157034
4093,0.45912924
4094,0.016354889
4095,0.9342314
4096,0.29340068
4097,0.44013613
4098,0.9540119
4099,0.07525116
4100,0.33177558
4101,0.503063
4102,0.74204606
4103,0.11816484
4104,0.13296944
4105,0.14125094
4106,0.0027105212
4107,0.20207915
4108,0.018272072
4109,0.020635724
4110,0.9885684
4111,0.09939772
4112,0.0011511445
4113,0.07389176
4114,0.0021719933
4115,0.99775606
4116,0.81935364
4117,0.012098998
4118,0.55598176
4119,0.1536743
4120,0.69188327
4121,0.43607825
4122,0.9688685
4123,0.030687302
4124,0.99859023
4125,0.0022561252
4126,0.017280102
4127,0.61046004
4128,0.3965381
4129,0.076194525
4130,0.3941196
4131,0.97430634
4132,0.966378
4133,0.06489706
4134,0.16807425
4135,0.81902647
4136,0.7573856
4137,0.0019204915
4138,0.8941777
4139,0.42850614
4140,0.9941474
4141,0.963066
4142,0.09119761
4143,0.015626341
4144,0.5188918
4145,0.16877678
4146,0.023207426
4147,0.052344263
4148,0.61145383
4149,0.037252605
4150,0.36604732
4151,0.9850036
4152,0.051223785
4153,0.09328076
4154,0.12126708
4155,0.98383886
4156,0.29638284
4157,0.00024032593
4158,0.027847052
4159,0.4748377
4160,0.99541605
4161,0.10450423
4162,0.06979805
4163,0.0018184781
4164,0.979332
4165,0.4574085
4166,0.015930384
4167,0.86180466
4168,9.4594965e-05
4169,0.9999881
4170,0.0511702
4171,0.00016266108
4172,0.927878
4173,0.91036195
4174,0.9486127
4175,0.57396966
4176,0.008859873
4177,0.58825827
4178,0.11166656
4179,0.48176888
4180,0.026961714
4181,0.9949339
4182,9.095868e-05
4183,0.0076049864
4184,0.06728417
4185,0.068927824
4186,0.8927195
4187,0.82649887
4188,0.028538734
4189,0.010997981
4190,0.10019672
4191,0.06794703
4192,0.9891335
4193,0.24504787
4194,0.94232506
4195,0.8641762
4196,0.00021582842
4197,0.20367023
4198,0.2478978
4199,0.033185035
4200,0.3124404
4201,0.2632758
4202,0.3509946
4203,0.106871456
4204,0.79000926
4205,0.00090920925
4206,0.9923712
4207,0.9312249
4208,0.7933906
4209,0.77370644
4210,0.6598964
4211,0.9356277
4212,0.6530538
4213,0.9987222
4214,0.023816168
4215,0.6255926
4216,0.9047092
4217,0.030636966
4218,0.8083848
4219,0.02474153
4220,0.070486784
4221,0.13560969
4222,0.8990258
4223,0.9814464
4224,0.881927
4225,0.15351874
4226,0.72105527
4227,0.2838279
4228,0.7015872
4229,0.97485745
4230,0.04743275
4231,0.479385
4232,0.42513117
4233,0.9985224
4234,0.6246484
4235,0.15355119
4236,0.006307721
4237,0.99273443
4238,0.40535355
4239,0.99121
4240,0.9988544
4241,0.3337483
4242,0.7617953
4243,0.04212296
4244,0.8592367
4245,0.24252903
4246,0.97114635
4247,5.635631e-05
4248,0.8093664
4249,0.9987843
4250,0.3196724
4251,0.089624286
4252,0.9996761
4253,0.9442373
4254,0.38786197
4255,0.85312486
4256,0.015194207
4257,0.99117124
4258,0.019333392
4259,0.027400136
4260,0.00055480003
4261,0.46770054
4262,0.039716095
4263,0.04546067
4264,0.97927153
4265,0.44861692
4266,0.011323065
4267,0.0002425313
4268,0.96281207
4269,0.21688685
4270,0.992524
4271,0.9999788
4272,0.10838869
4273,0.003554672
4274,0.022304982
4275,0.9999021
4276,0.08987054
4277,0.19045243
4278,0.0044279695
4279,0.008874387
4280,0.048603773
4281,0.047316372
4282,0.4844269
4283,0.856671
4284,0.0020597577
4285,0.0113449395
4286,0.046872616
4287,0.021409899
4288,0.018302351
4289,0.34266144
4290,0.6124915
4291,0.3651983
4292,0.017537177
4293,0.2704519
4294,0.1282115
4295,0.99998075
4296,0.022513688
4297,0.53596073
4298,0.8499625
4299,0.7631817
4300,0.9906063
4301,0.441621
4302,0.9915459
4303,0.18762282
4304,0.48310974
4305,0.751457
4306,0.8870385
4307,0.080320865
4308,0.9886937
4309,0.0036228597
4310,0.19744053
4311,0.08605409
4312,0.52721936
4313,0.114439934
4314,0.16498423
4315,0.471803
4316,0.52104867
4317,0.52842313
4318,0.109927386
4319,0.017354429
4320,7.72813e-05
4321,0.9476051
4322,0.59706396
4323,0.22797623
4324,0.394306
4325,0.97589946
4326,0.31761652
4327,0.023829043
4328,0.62832963
4329,0.00035256147
4330,0.44124043
4331,0.054167032
4332,0.9892956
4333,0.056966424
4334,0.9251927
4335,0.091932
4336,0.983449
4337,0.056404322
4338,0.97540355
4339,0.60961175
4340,0.00021505356
4341,0.0048499107
4342,0.5766215
4343,0.7410898
4344,0.24317726
4345,0.99709356
4346,0.42843428
4347,0.14705911
4348,0.23545665
4349,0.00017029047
4350,0.17004618
4351,0.96155417
4352,0.7406337
4353,0.31962287
4354,0.018870324
4355,0.024346739
4356,0.72498524
4357,0.99696827
4358,0.0022707582
4359,0.32379055
4360,0.7171293
4361,0.57159144
4362,0.014720798
4363,0.0010935068
4364,0.9728033
4365,0.10393253
4366,0.9997988
4367,0.003756106
4368,0.58433515
4369,0.22776258
4370,0.35764235
4371,0.0015292168
4372,0.0070470273
4373,0.7053321
4374,0.0399653
4375,0.8966955
4376,0.9588764
4377,0.91686463
4378,0.76967025
4379,0.06722736
4380,0.80577445
4381,0.33826417
4382,0.047679603
4383,0.26517975
4384,0.12759095
4385,0.66751504
4386,0.8189728
4387,0.8986863
4388,0.22026241
4389,0.9978397
4390,0.04082629
4391,0.9990056
4392,0.39122823
4393,0.2845834
4394,0.9414305
4395,0.3151092
4396,0.87779903
4397,0.98479366
4398,0.9996338
4399,0.0015693307
4400,2.3561204e-06
4401,0.4599154
4402,0.80783266
4403,0.3080449
4404,0.99699706
4405,0.24899858
4406,0.14953041
4407,0.34579438
4408,0.014179409
4409,0.0640513
4410,0.5673448
4411,0.56291413
4412,0.11594644
4413,0.841245
4414,0.54514074
4415,0.6599487
4416,0.0035850406
4417,0.004218489
4418,0.026654452
4419,0.9629415
4420,0.9982853
4421,0.83576626
4422,0.1689238
4423,0.9778212
4424,0.044012845
4425,0.48206624
4426,0.2505594
4427,0.015286952
4428,0.9997479
4429,0.29465604
4430,0.99800766
4431,0.31911683
4432,0.40928987
4433,0.004852921
4434,0.21818289
4435,0.8613289
4436,0.1589075
4437,0.9447605
4438,0.038018823
4439,0.97181284
4440,0.87264425
4441,0.06597981
4442,0.0701029
4443,0.9787605
4444,0.0059837997
4445,0.0419195
4446,0.6756657
4447,0.27227315
4448,0.9486362
4449,0.87443215
4450,0.382995
4451,0.98010695
4452,0.019781023
4453,0.22787827
4454,0.88029546
4455,0.8867949
4456,0.21581441
4457,0.3718
4458,0.992107
4459,0.10331559
4460,0.9233991
4461,0.28781432
4462,0.29838943
4463,0.82790816
4464,0.90035397
4465,0.5054291
4466,0.95311886
4467,0.9980147
4468,0.9985936
4469,0.27866095
4470,0.9317665
4471,0.8618493
4472,0.6378645
4473,0.9694426
4474,0.01961571
4475,0.42160463
4476,0.00052160025
4477,0.7572131
4478,0.014998972
4479,0.013598651
4480,0.6589706
4481,0.09258741
4482,0.0030659735
4483,0.99670225
4484,0.9850677
4485,3.5238605e-05
4486,0.8529356
4487,0.009931028
4488,0.00093600154
4489,0.94300354
4490,0.49861884
4491,0.7261768
4492,0.088362664
4493,0.67447054
4494,0.99099123
4495,0.18160555
4496,0.116867006
4497,0.43755466
4498,0.12327093
4499,0.31673878
4500,0.60359156
4501,0.58032435
4502,0.314417
4503,0.9752946
4504,0.0025120378
4505,0.54996115
4506,0.9237681
4507,0.29844415
4508,0.07985386
4509,0.32746685
4510,0.83039415
4511,0.9747404
4512,0.02809447
4513,0.00977245
4514,0.93226117
4515,0.8389041
4516,0.006668091
4517,0.98757595
4518,0.9999774
4519,0.120933056
4520,0.04416886
4521,0.9989182
4522,0.92795014
4523,0.0047765374
4524,0.9872979
4525,0.015346527
4526,0.97228694
4527,0.27634877
4528,0.101638705
4529,0.70708436
4530,0.0021782517
4531,0.8787006
4532,0.4112079
4533,0.05514434
4534,0.6392879
4535,0.682265
4536,0.069292754
4537,0.17877609
4538,0.0028277636
4539,0.7910937
4540,0.006730795
4541,0.029603988
4542,0.31370905
4543,0.043790817
4544,0.8207555
4545,0.9993421
4546,0.13405642
4547,0.19249335
4548,0.1240384
4549,0.0054442585
4550,0.004980445
4551,0.65837777
4552,0.7585523
4553,0.4259268
4554,0.99432933
4555,0.8989739
4556,0.050145805
4557,0.9994159
4558,0.06517908
4559,0.9983734
4560,0.0016410649
4561,0.6242387
4562,0.4213666
4563,0.0009506941
4564,0.10181779
4565,0.969694
4566,0.025617152
4567,0.95587164
4568,0.85691524
4569,0.13997495
4570,0.94695723
4571,0.0030121207
4572,0.7714517
4573,0.33851254
4574,0.039089113
4575,0.9226464
4576,0.96091664
4577,0.0006364882
4578,0.38816103
4579,0.04316315
4580,0.38764384
4581,0.97764516
4582,0.0039351583
4583,0.0016115904
4584,0.60535455
4585,0.61298805
4586,0.9196999
4587,0.87859976
4588,0.9789008
4589,0.92820865
4590,0.093485266
4591,0.6935543
4592,0.999536
4593,0.023998827
4594,0.23927787
4595,0.9713477
4596,0.90939426
4597,0.8703872
4598,0.94946885
4599,0.07956827
4600,0.9758946
4601,0.023901016
4602,0.020945996
4603,0.999542
4604,0.63148963
4605,0.23599884
4606,0.99917555
4607,0.06963599
4608,4.19115e-05
4609,0.22193909
4610,0.14712799
4611,0.3670026
4612,0.9537523
4613,0.25185722
4614,0.8343088
4615,0.44888848
4616,0.005866885
4617,0.06139055
4618,0.014931887
4619,0.21496853
4620,0.89769554
4621,0.000102684804
4622,0.015837103
4623,0.631992
4624,0.87771356
4625,0.03405273
4626,0.999975
4627,0.008614033
4628,0.662961
4629,0.7429806
4630,0.004776031
4631,0.0066942275
4632,0.87002766
4633,0.9945468
4634,0.92123044
4635,0.13603854
4636,0.98716193
4637,0.0028035343
4638,0.032896727
4639,0.019306183
4640,0.9968327
4641,0.14896333
4642,0.60026973
4643,0.0065185726
4644,0.3653111
4645,0.9894601
4646,0.000120273355
4647,0.8917484
4648,0.0033448339
4649,0.009046137
4650,0.0022651255
4651,0.97008556
4652,0.7628764
4653,0.9202635
4654,0.984545
4655,0.9048384
4656,0.93104625
4657,0.102514744
4658,0.9813369
4659,0.34093451
4660,0.75331783
4661,0.99731976
4662,0.07462418
4663,0.5672009
4664,0.0003002584
4665,0.8839383
4666,0.2970184
4667,0.88158774
4668,0.1232312
4669,0.20505145
4670,0.031582713
4671,0.011077672
4672,0.63110137
4673,0.5945131
4674,0.80867445
4675,0.64974576
4676,0.078630924
4677,0.7231976
4678,0.015016466
4679,0.28240466
4680,0.3114354
4681,0.65308625
4682,0.009103805
4683,0.025223285
4684,0.5416857
4685,0.8700528
4686,0.08270919
4687,0.48438624
4688,0.112672925
4689,0.77718765
4690,0.069710344
4691,0.004589081
4692,0.005235523
4693,0.07516521
4694,0.5243802
4695,0.42557207
4696,0.95565
4697,0.0035124123
4698,0.87527126
4699,0.99917775
4700,0.8523763
4701,0.97302353
4702,0.00926581
4703,0.7163062
4704,7.172404e-05
4705,0.103866935
4706,0.2825066
4707,0.38267875
4708,0.34045696
4709,0.9698565
4710,0.0028704107
4711,0.012472242
4712,0.11912039
4713,0.04622507
4714,0.9999539
4715,0.9875008
4716,0.0776453
4717,0.8361809
4718,0.0011820793
4719,0.0062040687
4720,0.49070328
4721,0.969146
4722,0.006456256
4723,0.35065383
4724,0.13916013
4725,0.6913918
4726,0.15895832
4727,0.9747641
4728,0.053103864
4729,0.018937826
4730,0.99958754
4731,0.011397064
4732,0.9995421
4733,0.075945646
4734,0.4224362
4735,0.3172902
4736,0.0029343367
4737,0.9729115
4738,0.11976996
4739,0.05382687
4740,0.20124123
4741,0.06363082
4742,0.79061353
4743,0.004726112
4744,0.12615514
4745,0.2157954
4746,0.16971326
4747,0.99430573
4748,0.08806607
4749,0.06787142
4750,0.9997841
4751,0.9969075
4752,0.7598481
4753,0.85672784
4754,0.47751284
4755,0.3000992
4756,0.23841044
4757,0.92578167
4758,0.7461767
4759,0.99841464
4760,0.9488896
4761,0.11395705
4762,0.035099596
4763,0.96945155
4764,0.12668908
4765,0.003341496
4766,0.58196723
4767,0.018450826
4768,0.1853371
4769,0.13197148
4770,6.839754e-05
4771,0.9937617
4772,0.018054873
4773,0.679281
4774,0.26582378
4775,0.9738739
4776,0.0057516396
4777,0.9882725
4778,0.020127892
4779,0.0019150972
4780,0.07973811
4781,0.80143154
4782,0.6023813
4783,0.43151802
4784,0.06919691
4785,0.032057106
4786,5.19514e-05
4787,0.8066596
4788,0.9929703
4789,0.6186472
4790,0.3299958
4791,0.41375226
4792,0.0008032918
4793,0.005252391
4794,0.08927411
4795,0.8694634
4796,0.4387423
4797,0.9047647
4798,0.06843835
4799,0.0022061765
4800,0.4948795
4801,0.16483304
4802,0.0055958927
4803,0.9999114
4804,0.38531476
4805,0.9729627
4806,0.88148695
4807,0.004226327
4808,0.49780086
4809,0.9347153
4810,0.081297606
4811,0.17308119
4812,0.82547235
4813,0.9329947
4814,0.7697592
4815,0.06276414
4816,0.62180716
4817,0.07538849
4818,0.12611383
4819,0.96262795
4820,6.9397436e-05
4821,0.030905575
4822,0.9994174
4823,0.019675583
4824,0.0007003546
4825,0.8451004
4826,0.35458037
4827,0.059257925
4828,0.0192357
4829,0.017866492
4830,0.9310837
4831,0.9957216
4832,0.00525254
4833,0.8802885
4834,0.76513004
4835,0.6329887
4836,0.010329843
4837,0.6930504
4838,0.057076395
4839,0.86366236
4840,0.1761755
4841,0.99635684
4842,0.84107125
4843,0.3043489
4844,0.5456249
4845,0.40249646
4846,0.9906474
4847,0.05095792
4848,0.09990096
4849,0.01874116
4850,0.5020437
4851,0.9764711
4852,0.69010097
4853,0.9203031
4854,0.4934137
4855,0.00615108
4856,0.004945785
4857,0.99917036
4858,0.9080751
4859,0.16680977
4860,0.05458942
4861,0.16906789
4862,0.1947819
4863,0.33664292
4864,0.76488996
4865,0.108986765
4866,0.38300693
4867,0.49605215
4868,0.99432707
4869,0.07088795
4870,0.9264153
4871,0.76394427
4872,0.74963915
4873,0.0044598877
4874,0.99623156
4875,0.0077363253
4876,0.008368611
4877,0.91338325
4878,0.9931781
4879,0.14706022
4880,0.18656501
4881,0.357226
4882,0.19118595
4883,0.009385705
4884,0.96425337
4885,0.83538306
4886,0.5560147
4887,0.032810837
4888,0.036826253
4889,0.6568903
4890,0.84510887
4891,0.95931154
4892,0.36905327
4893,0.0010557473
4894,0.69936013
4895,0.9570373
4896,0.13671395
4897,0.23164195
4898,0.9194005
4899,0.08140531
4900,0.0004927218
4901,0.058853686
4902,0.9643676
4903,0.2533648
4904,0.009553045
4905,0.029763848
4906,0.009071499
4907,0.22467822
4908,0.9965776
4909,0.00039061904
4910,0.16857076
4911,0.62562567
4912,0.00038841367
4913,0.46261603
4914,0.108379036
4915,0.9738893
4916,0.98235476
4917,0.9997057
4918,0.99998343
4919,0.02374798
4920,0.120032966
4921,0.31333762
4922,0.28636348
4923,0.99916565
4924,0.1512951
4925,0.004640788
4926,0.99361604
4927,0.66638196
4928,0.36056983
4929,0.9986218
4930,0.9983081
4931,0.98845863
4932,0.73777854
4933,0.007137388
4934,0.9762583
4935,0.7128072
4936,0.7682947
4937,0.033234596
4938,0.6490515
4939,0.019609004
4940,0.21157143
4941,0.45037046
4942,0.33520532
4943,0.65449977
4944,0.13663459
4945,0.9971065
4946,0.0009531379
4947,0.14255002
4948,0.6689788
4949,0.99221516
4950,0.01159212
4951,0.9950415
4952,0.7047496
4953,0.10399458
4954,0.70697486
4955,0.2935683
4956,0.5934318
4957,0.46586207
4958,7.368911e-05
4959,0.631669
4960,0.0062306225
4961,0.12063265
4962,0.99993587
4963,0.2086975
4964,0.0063391924
4965,0.39063224
4966,0.010864347
4967,0.5434648
4968,0.0783743
4969,0.33125874
4970,0.0018502772
4971,0.2902184
4972,0.99996114
4973,0.99909407
4974,5.8124016e-07
4975,0.048487872
4976,0.5037612
4977,0.9980841
4978,0.81298935
4979,0.109888166
4980,0.6663182
4981,0.0012611449
4982,0.9263718
4983,0.0008947253
4984,0.06230238
4985,0.005531639
4986,0.9947263
4987,0.085629195
4988,0.1099129
4989,0.9564507
4990,0.1806894
4991,0.9984366
4992,0.22054517
4993,0.4940868
4994,0.572245
4995,0.20235011
4996,0.018823475
4997,0.3584814
4998,0.0144485235
4999,0.016810417
5000,0.007160455
5001,0.90349454
5002,0.9889629
5003,0.045091093
5004,0.0004658103
5005,0.7394341
5006,0.039069504
5007,0.98859143
5008,0.64626235
5009,0.34173584
5010,0.35404396
5011,0.93589497
5012,0.9983047
5013,0.97118247
5014,0.96088654
5015,0.9125874
5016,0.01864788
5017,0.5303661
5018,0.7594285
5019,0.9473885
5020,0.9952421
5021,0.83734894
5022,0.9989394
5023,0.09404302
5024,0.99942654
5025,0.19999364
5026,0.24833357
5027,4.4682092e-05
5028,0.9830201
5029,6.467627e-05
5030,0.12369421
5031,0.0023127794
5032,0.13050967
5033,0.2036477
5034,0.9394934
5035,0.19868976
5036,0.93215096
5037,0.0001513958
5038,0.06794715
5039,0.19298765
5040,0.9927247
5041,0.00031650066
5042,0.6149271
5043,0.7375554
5044,0.7685074
5045,0.7581097
5046,0.38747925
5047,0.023458093
5048,0.04778835
5049,0.78892493
5050,0.6338291
5051,0.9976245
5052,0.025072068
5053,0.99933994
5054,0.017502725
5055,0.50270945
5056,0.043938637
5057,0.09284589
5058,0.124515
5059,0.23760435
5060,0.20219925
5061,0.99938047
5062,0.6631136
5063,0.00927031
5064,0.01001367
5065,0.9236188
5066,0.0432494
5067,0.06223789
5068,0.88745785
5069,0.16119576
5070,0.00052922964
5071,0.7715218
5072,0.032384455
5073,6.187004e-05
5074,0.003113091
5075,0.9979751
5076,0.69211906
5077,0.7445481
5078,0.7744141
5079,0.10276261
5080,0.021112412
5081,0.7059164
5082,0.9994098
5083,0.08864471
5084,0.18562156
5085,0.049477816
5086,0.059483707
5087,0.98312366
5088,0.7788072
5089,0.051948726
5090,0.6042381
5091,0.917197
5092,0.99345165
5093,0.037468433
5094,0.8769462
5095,0.93459666
5096,0.99456304
5097,0.19489956
5098,0.14088374
5099,0.37528053
5100,0.09307268
5101,0.9695835
5102,0.97199184
5103,0.003011763
5104,0.099018574
5105,0.03632438
5106,0.05068755
5107,0.68229395
5108,0.012551844
5109,0.24065271
5110,0.051511496
5111,0.5601329
5112,0.65861
5113,0.0021428764
5114,0.5101591
5115,0.45004192
5116,0.21206966
5117,0.2408315
5118,0.022163093
5119,0.8782253
5120,0.5873422
5121,0.12953454
5122,0.7442082
5123,0.093481064
5124,0.9980742
5125,0.25610355
5126,0.0042340457
5127,0.6449014
5128,0.0008445084
5129,0.6372767
5130,0.0076158643
5131,0.99981284
5132,0.49501365
5133,0.01636678
5134,0.35154906
5135,0.179241
5136,0.8680753
5137,0.052982002
5138,0.80639625
5139,0.7894828
5140,0.60988766
5141,0.026116043
5142,0.18760347
5143,0.03243965
5144,0.5207284
5145,0.27293232
5146,0.43992215
5147,0.946476
5148,0.9502865
5149,0.94126153
5150,0.40194172
5151,0.24673346
5152,0.2863949
5153,0.028630942
5154,0.3791199
5155,0.9997704
5156,0.14509499
5157,0.005695462
5158,0.9686441
5159,0.20969087
5160,0.89085853
5161,0.026956677
5162,0.2355988
5163,0.4983288
5164,0.39189592
5165,0.9960587
5166,0.049314797
5167,0.005661875
5168,0.8267173
5169,0.00013530254
5170,0.03151068
5171,0.35644242
5172,0.9994223
5173,0.9102541
5174,0.9994421
5175,0.5004845
5176,0.2765776
5177,0.34668761
5178,0.049413055
5179,0.77553314
5180,0.22915089
5181,0.9954721
5182,0.15823475
5183,6.2011604e-06
5184,0.9578532
5185,0.04034865
5186,0.94040704
5187,0.042867184
5188,0.57820916
5189,0.011105061
5190,0.02658981
5191,0.14342502
5192,0.065060526
5193,0.9744184
5194,0.72847927
5195,0.95880026
5196,0.9964304
5197,0.025916189
5198,0.06724408
5199,0.06362125
5200,0.014639437
5201,0.47368354
5202,0.7773917
5203,0.8967574
5204,0.9887512
5205,0.99974823
5206,0.47397417
5207,0.024338305
5208,0.8797368
5209,0.9349215
5210,0.9988274
5211,0.32301754
5212,0.99996096
5213,0.0012267232
5214,0.11462146
5215,0.072274685
5216,0.9998777
5217,0.014607877
5218,0.9880345
5219,0.42858005
5220,0.0038251877
5221,0.050982624
5222,0.3886137
5223,0.053480357
5224,0.008791119
5225,0.0747478
5226,0.999861
5227,0.97786236
5228,0.9924158
5229,0.047376305
5230,0.87886435
5231,0.99191225
5232,0.66051865
5233,0.056737214
5234,0.008487582
5235,0.5831693
5236,0.19398424
5237,0.35333198
5238,0.90792364
5239,0.7626785
5240,0.6421592
5241,0.08178583
5242,0.47865868
5243,0.009201705
5244,0.47189465
5245,0.0004905462
5246,0.9973593
5247,0.28507492
5248,0.027854353
5249,0.09182337
5250,0.08823332
5251,0.016029239
5252,0.016643912
5253,0.88536954
5254,0.76893044
5255,0.01673004
5256,0.35790265
5257,0.7297503
5258,0.011542827
5259,0.12676969
5260,0.53410476
5261,0.043150097
5262,0.0034491718
5263,0.0012657046
5264,0.028484285
5265,0.06269631
5266,0.9673568
5267,0.99366546
5268,0.00022006035
5269,0.000741452
5270,0.8275687
5271,0.2718014
5272,0.3285328
5273,0.991814
5274,0.03472784
5275,0.45970216
5276,0.9774526
5277,0.9253711
5278,0.38159952
5279,0.8046683
5280,0.1683946
5281,0.98588824
5282,0.4054969
5283,0.8126496
5284,0.9504559
5285,0.09512505
5286,0.2662239
5287,0.017252386
5288,0.1216622
5289,0.00065389276
5290,0.03277123
5291,0.043095827
5292,0.92727125
5293,0.30514812
5294,0.33371168
5295,0.93701863
5296,0.98611856
5297,0.4267623
5298,0.22729424
5299,0.8496679
5300,0.42731854
5301,0.94496644
5302,0.52234125
5303,0.093675315
5304,0.7855116
5305,0.035576165
5306,0.9473548
5307,0.0050403774
5308,0.11712822
5309,0.9848797
5310,0.8608599
5311,0.019595861
5312,0.03231716
5313,0.04516536
5314,0.010831505
5315,0.11182916
5316,0.9137809
5317,0.9458151
5318,0.40591937
5319,0.52685535
5320,0.902627
5321,0.00024318695
5322,0.15390322
5323,0.09522784
5324,0.00427559
5325,0.9316313
5326,0.027645946
5327,0.8860334
5328,0.18977353
5329,0.1133613
5330,0.2919411
5331,0.020963997
5332,0.8204099
5333,0.3084212
5334,0.0029145181
5335,0.0072107017
5336,0.3495922
5337,0.016447723
5338,0.8319496
5339,0.99485666
5340,0.46512964
5341,0.0038892627
5342,0.04432541
5343,0.12663212
5344,0.0006439388
5345,0.13952142
5346,0.8914151
5347,0.999699
5348,0.7436111
5349,0.8474287
5350,0.9908447
5351,0.0031866133
5352,0.22907293
5353,0.9773191
5354,0.0016329587
5355,0.19985527
5356,0.2510692
5357,0.00042539835
5358,0.36981305
5359,0.37049788
5360,0.024233907
5361,0.959677
5362,0.11910373
5363,0.018723726
5364,0.016812295
5365,0.9942486
5366,0.003911704
5367,0.3584406
5368,0.96058
5369,0.24472252
5370,0.84329796
5371,0.0004697144
5372,0.48229316
5373,0.24209145
5374,0.6863619
5375,0.4658733
5376,0.004157126
5377,0.9988643
5378,0.04987207
5379,0.93637335
5380,0.030318618
5381,0.017928839
5382,0.7466277
5383,0.9719902
5384,0.1528835
5385,0.13933757
5386,0.14401945
5387,0.93395066
5388,0.0057274997
5389,0.9468072
5390,0.12992433
5391,0.14993042
5392,0.8035982
5393,0.081496924
5394,0.93472946
5395,0.041508764
5396,0.07565105
5397,0.8652647
5398,0.00740999
5399,0.009608954
5400,0.030605674
5401,0.9292391
5402,0.017642945
5403,0.927353
5404,0.0014110804
5405,0.60355693
5406,0.0034720004
5407,0.023558408
5408,0.99989855
5409,0.00023403764
5410,0.95705336
5411,0.8081417
5412,0.6644256
5413,0.0020567477
5414,0.3250117
5415,0.4680145
5416,0.014292449
5417,0.998678
5418,0.52831066
5419,0.012079477
5420,0.93194044
5421,0.90190697
5422,0.81606483
5423,0.017075956
5424,0.40271735
5425,0.8253958
5426,0.7400548
5427,0.6845789
5428,0.031639457
5429,0.73001266
5430,0.018196315
5431,0.22886401
5432,0.7352096
5433,0.0007753074
5434,0.99712265
5435,0.7821827
5436,0.04601538
5437,0.9995588
5438,0.6515856
5439,0.050402522
5440,0.024322093
5441,0.080340624
5442,0.9234785
5443,0.17952356
5444,0.74611855
5445,0.052671075
5446,0.0034044683
5447,0.008151263
5448,0.9496265
5449,0.8017967
5450,0.26797348
5451,0.9728
5452,0.9748798
5453,0.9997926
5454,0.99939585
5455,0.5792722
5456,0.09447634
5457,0.00560537
5458,0.021122158
5459,0.9999328
5460,0.00023192167
5461,0.96788514
5462,0.42946213
5463,0.26591113
5464,0.7455575
5465,0.019096553
5466,0.97764146
5467,0.012862027
5468,0.111009926
5469,0.0034645498
5470,0.026953757
5471,0.8779628
5472,0.04071513
5473,0.6066309
5474,0.0006624758
5475,0.16488451
5476,0.004767269
5477,0.4583176
5478,0.0953832
5479,0.013386071
5480,0.0037842095
5481,0.5344644
5482,0.19073072
5483,0.96776474
5484,0.96437573
5485,0.117800295
5486,0.122338235
5487,0.9998942
5488,0.16695318
5489,0.78141165
5490,0.00075405836
5491,0.98875904
5492,0.99998075
5493,0.021840155
5494,0.0001476109
5495,0.42153543
5496,0.8265761
5497,0.07264149
5498,0.95254135
5499,0.019957453
5500,0.0641315
5501,0.94155085
5502,0.57993364
5503,0.1264422
5504,0.110396475
5505,0.58075494
5506,0.80467486
5507,0.087819636
5508,0.04636243
5509,0.008603185
5510,0.3692189
5511,0.0054528713
5512,0.793237
5513,0.14548925
5514,0.0075961947
5515,0.8278901
5516,0.030795306
5517,0.22441262
5518,0.016774446
5519,0.3601122
5520,0.9855087
5521,0.09825596
5522,0.0017696917
5523,0.5040884
5524,0.14110702
5525,0.97989357
5526,0.06610417
5527,0.79255104
5528,0.1953043
5529,0.3166991
5530,0.41241497
5531,0.80626184
5532,0.99612486
5533,0.0020067692
5534,0.019322664
5535,0.035722792
5536,0.0056890547
5537,0.08204478
5538,0.9650829
5539,0.42155045
5540,0.2199181
5541,0.4521637
5542,0.9140334
5543,0.6203503
5544,0.005864978
5545,0.014001012
5546,0.95372295
5547,0.0025209188
5548,0.7087487
5549,0.9905753
5550,0.1034044
5551,0.016421288
5552,0.31520408
5553,0.0022250712
5554,0.060997486
5555,0.027839899
5556,0.088502586
5557,0.047983795
5558,0.7932858
5559,0.00023812056
5560,0.07611585
5561,0.34349316
5562,0.13711208
5563,0.9757757
5564,0.037216663
5565,0.56132483
5566,0.0016424656
5567,0.9309871
5568,0.004944414
5569,0.06445673
5570,0.7496701
5571,0.075832516
5572,0.010226011
5573,0.9956883
5574,0.022060752
5575,0.24011582
5576,0.9293705
5577,0.10404459
5578,0.8668479
5579,0.98149514
5580,0.9963604
5581,0.98958415
5582,0.5853596
5583,0.31572968
5584,0.15201896
5585,0.042667896
5586,0.07000166
5587,0.025182039
5588,0.89631563
5589,0.9401126
5590,0.0026009083
5591,0.0018657744
5592,0.4354662
5593,0.8286267
5594,0.24207604
5595,0.009747237
5596,0.0007042587
5597,0.93364453
5598,0.12148437
5599,0.0007556975
5600,0.9754478
5601,0.16039208
5602,0.28097767
5603,0.0009971559
5604,0.7783226
5605,0.17071265
5606,0.9338316
5607,0.9999367
5608,0.99883413
5609,0.09788415
5610,0.0035886168
5611,0.28195536
5612,0.015966475
5613,0.9872051
5614,0.0076922774
5615,0.00015485287
5616,0.25975424
5617,0.10685411
5618,0.98948836
5619,0.341806
5620,0.3985202
5621,0.9807414
5622,0.9206292
5623,0.00040200353
5624,0.96245503
5625,0.14135909
5626,0.2075406
5627,0.73464316
5628,0.012299299
5629,0.9178257
5630,0.026114643
5631,0.033001453
5632,0.106993735
5633,0.008237511
5634,0.032280624
5635,0.6312179
5636,0.6879953
5637,0.35956544
5638,1.3341205e-05
5639,0.00056001544
5640,0.9556749
5641,0.13884598
5642,0.80931455
5643,0.021523863
5644,0.2543425
5645,0.9450461
5646,0.933095
5647,0.9913393
5648,0.95645475
5649,0.8729149
5650,0.21274233
5651,0.6220448
5652,0.9987299
5653,0.989236
5654,0.06826487
5655,0.94061244
5656,0.99529624
5657,0.23318565
5658,0.17734459
5659,0.033129513
5660,0.0030395389
5661,0.20538488
5662,0.99488115
5663,3.917595e-05
5664,0.01343444
5665,0.993079
5666,0.53514695
5667,0.0028695166
5668,0.05545628
5669,0.01384896
5670,0.9292691
5671,0.0012347102
5672,0.3032637
5673,0.0017680228
5674,0.13134262
5675,0.9796033
5676,0.7203306
5677,0.58095914
5678,0.019547373
5679,0.94502777
5680,0.00020825863
5681,0.88468987
5682,0.9262569
5683,0.0041356683
5684,0.0107857585
5685,0.177356
5686,0.016310602
5687,0.8230183
5688,0.72785056
5689,0.063352406
5690,0.1816735
5691,0.0039671063
5692,0.06058085
5693,0.36031252
5694,0.9782953
5695,0.9997489
5696,0.97847
5697,0.91668606
5698,0.00024974346
5699,0.0434404
5700,0.79357886
5701,0.009098887
5702,0.97794473
5703,0.023384184
5704,0.34241042
5705,0.9067123
5706,0.26022056
5707,0.23209262
5708,0.41244552
5709,0.9994409
5710,0.9257338
5711,0.93025887
5712,0.49764606
5713,0.07736707
5714,0.32948673
5715,0.0030057728
5716,0.12481174
5717,0.021911144
5718,0.70067394
5719,0.0009736419
5720,0.26730186
5721,0.032909602
5722,0.0058306158
5723,0.4882148
5724,0.021923095
5725,0.19047713
5726,0.42368686
5727,0.8940078
5728,0.03728047
5729,0.0034261048
5730,0.7218865
5731,0.0056854486
5732,0.14904583
5733,0.15463215
5734,0.0034574568
5735,0.97607744
5736,0.96893626
5737,0.75752527
5738,0.18189913
5739,0.61060894
5740,0.0011714697
5741,0.23701829
5742,0.9574574
5743,0.061128587
5744,0.18176854
5745,0.56528175
5746,0.2804678
5747,0.99710715
5748,0.010286182
5749,0.37411875
5750,0.03482768
5751,0.6663827
5752,0.05335936
5753,0.0073232353
5754,0.0015173256
5755,0.2624605
5756,0.96938264
5757,0.9877314
5758,0.11297315
5759,0.03591016
5760,0.2878375
5761,0.5969686
5762,0.09014267
5763,0.5379373
5764,0.92056465
5765,0.002017945
5766,0.5268155
5767,0.32307377
5768,0.24663723
5769,0.11577511
5770,0.93269825
5771,0.9897617
5772,0.49622327
5773,0.0011152625
5774,0.2162466
5775,0.12953296
5776,0.824248
5777,0.043367416
5778,0.15732336
5779,0.5040427
5780,0.7592534
5781,0.83118784
5782,0.16209233
5783,0.48618177
5784,0.0068962276
5785,0.5152415
5786,0.4737908
5787,0.6816907
5788,0.006814271
5789,0.20050529
5790,0.24225143
5791,0.045504153
5792,0.9963432
5793,0.25289124
5794,0.9851856
5795,0.000672698
5796,0.8634329
5797,0.4957302
5798,0.46493983
5799,0.195575
5800,0.019804806
5801,0.8608157
5802,0.49270982
5803,0.03966242
5804,0.99911
5805,0.064068526
5806,0.052791
5807,0.99973935
5808,0.9997926
5809,0.28201923
5810,0.0278638
5811,0.0022850037
5812,0.034524113
5813,0.04781142
5814,0.7292117
5815,0.10662946
5816,7.537447e-05
5817,0.9985935
5818,0.38626745
5819,0.1656388
5820,0.9988533
5821,0.07952264
5822,0.95000476
5823,0.7393726
5824,0.8738346
5825,0.93488914
5826,0.038204104
5827,0.19736588
5828,0.040305853
5829,0.6465842
5830,0.18255249
5831,0.87556916
5832,0.5225084
5833,0.9292391
5834,0.004224032
5835,0.015712053
5836,0.89986134
5837,0.024301648
5838,0.029812574
5839,0.21374205
5840,0.72428346
5841,0.0026931763
5842,0.021824896
5843,0.99766177
5844,0.98959196
5845,0.9799086
5846,0.23932812
5847,0.36792082
5848,0.16563207
5849,0.3036341
5850,0.9492991
5851,0.031463325
5852,0.03180036
5853,0.23215187
5854,0.009651661
5855,0.0042057633
5856,0.23312813
5857,0.0127186775
5858,0.9872179
5859,0.9662823
5860,0.8958961
5861,0.20631915
5862,0.3235283
5863,0.678756
5864,0.31585026
5865,0.9892498
5866,0.7368257
5867,0.9702929
5868,0.18492195
5869,0.52948433
5870,0.008740187
5871,0.98157704
5872,0.9734037
5873,0.25854737
5874,0.095580965
5875,0.998856
5876,0.0015816987
5877,0.9989375
5878,0.9998787
5879,0.9965947
5880,0.98203874
5881,0.017572314
5882,0.758025
5883,0.625684
5884,0.81916696
5885,0.12811038
5886,0.9723934
5887,0.20021793
5888,0.20073456
5889,0.95563436
5890,0.56595224
5891,0.17407724
5892,0.9245539
5893,0.9296714
5894,0.073581636
5895,0.9622165
5896,0.97289735
5897,0.000485003
5898,0.99857205
5899,0.9787929
5900,0.9893216
5901,0.7943818
5902,0.33566278
5903,0.594044
5904,0.70493585
5905,0.0030195415
5906,0.90954196
5907,0.9541596
5908,0.6359423
5909,0.019401968
5910,0.013155311
5911,0.03015688
5912,0.002548933
5913,0.5735671
5914,0.37963796
5915,0.022687495
5916,0.073390335
5917,0.004632026
5918,0.13318339
5919,0.13454106
5920,0.07003099
5921,0.0024480224
5922,0.9965019
5923,0.0040642023
5924,0.6359664
5925,0.9299183
5926,0.00095149875
5927,0.95562065
5928,0.70436394
5929,0.0040795207
5930,0.90856665
5931,0.9888106
5932,0.054664463
5933,0.4766394
5934,0.9824113
5935,0.9663631
5936,0.032140613
5937,0.016521007
5938,0.0022596717
5939,0.49791434
5940,0.25473273
5941,0.64143157
5942,0.7148702
5943,0.16942868
5944,0.16026956
5945,0.0056211352
5946,0.115055084
5947,0.11691928
5948,0.07783565
5949,0.03225562
5950,0.2611324
5951,0.98311484
5952,0.49080354
5953,0.13739306
5954,0.25972664
5955,0.47609988
5956,0.6374763
5957,0.0060592294
5958,0.20021349
5959,0.068883985
5960,0.26817188
5961,0.5335665
5962,0.09245396
5963,0.13262427
5964,0.7709663
5965,0.031112611
5966,0.07583985
5967,0.99636924
5968,0.019371212
5969,0.0015590489
5970,0.95564294
5971,0.91848725
5972,0.80270296
5973,0.9209888
5974,0.00010182305
5975,0.9945749
5976,0.004292637
5977,0.63547045
5978,0.7899455
5979,0.039673954
5980,0.62548494
5981,0.5088363
5982,0.18201053
5983,0.75191414
5984,0.9994608
5985,0.0679709
5986,0.32960337
5987,0.034502596
5988,0.15207228
5989,0.12713984
5990,0.60930234
5991,0.0052385926
5992,0.10727391
5993,0.99453104
5994,0.20697436
5995,0.46057644
5996,0.46820372
5997,0.048443824
5998,0.0042844117
5999,0.55170166
6000,0.020863533
6001,0.0019217134
6002,0.8772869
6003,0.15665096
6004,0.9686259
6005,0.10335779
6006,0.28693628
6007,0.69797647
6008,0.052086115
6009,0.40893728
6010,0.0058573484
6011,0.46865642
6012,0.65459645
6013,0.40997225
6014,0.21487784
6015,0.1990771
6016,0.051736385
6017,0.9959421
6018,0.48289117
6019,0.9919996
6020,0.7720794
6021,0.61768687
6022,0.56047076
6023,0.9926175
6024,0.0022399724
6025,0.45306185
6026,0.010113448
6027,0.09405947
6028,0.5206659
6029,0.1547727
6030,0.16813788
6031,6.4040255e-06
6032,0.85924566
6033,0.0021668673
6034,0.0017893612
6035,0.9997057
6036,0.42751986
6037,0.9987849
6038,0.123048484
6039,0.08966872
6040,0.612878
6041,0.9687344
6042,0.25804886
6043,0.9723898
6044,0.85558534
6045,0.91771376
6046,0.8044771
6047,0.006340325
6048,0.20637307
6049,0.8684623
6050,0.018431753
6051,0.99750686
6052,0.91957545
6053,0.95060897
6054,0.3392769
6055,0.97154725
6056,0.003779471
6057,0.49005246
6058,0.9402435
6059,0.30492914
6060,0.17440176
6061,0.9595189
6062,0.99827015
6063,0.99924374
6064,0.41890627
6065,0.9999689
6066,0.05639106
6067,0.948368
6068,0.0115318
6069,0.2456812
6070,0.32716906
6071,0.011395365
6072,0.9992835
6073,0.0020436049
6074,0.99334794
6075,0.0018713772
6076,0.9992881
6077,0.0049073696
6078,0.8018087
6079,0.755049
6080,0.18850029
6081,0.9572048
6082,0.8743267
6083,0.005618304
6084,0.6323831
6085,0.695802
6086,0.18627965
6087,0.9553096
6088,0.11788651
6089,0.38012555
6090,0.32559082
6091,0.15256327
6092,0.070548534
6093,0.019073188
6094,0.0019445121
6095,0.99910474
6096,0.15960371
6097,0.039076537
6098,0.017068356
6099,0.84861076
6100,0.97198117
6101,0.00020077825
6102,0.9330819
6103,0.0840652
6104,0.06585318
6105,0.993991
6106,0.9428705
6107,0.99236
6108,0.98652816
6109,0.31596032
6110,0.9889114
6111,0.16053593
6112,0.95565414
6113,0.76167333
6114,0.90549654
6115,0.34014535
6116,0.066031545
6117,0.9992608
6118,0.9970888
6119,1.0
6120,0.37455058
6121,0.21740988
6122,0.9956863
6123,0.12489906
6124,0.13354662
6125,0.0054650307
6126,0.49427104
6127,0.9932109
6128,0.0018938482
6129,0.37383807
6130,0.026307642
6131,0.1235224
6132,0.88359916
6133,0.025700122
6134,0.66017616
6135,0.95702565
6136,0.63657206
6137,0.99971867
6138,0.19050786
6139,0.995038
6140,0.22086942
6141,0.16935208
6142,0.6028121
6143,0.0137759745
6144,0.18573892
6145,0.12990433
6146,0.090978235
6147,0.0071805716
6148,0.1356852
6149,0.9130316
6150,0.18015924
6151,0.0062262416
6152,0.27802813
6153,0.18787852
6154,0.0793241
6155,0.0022963583
6156,0.95410174
6157,0.72490704
6158,0.32815218
6159,0.6544197
6160,0.119410396
6161,0.95804715
6162,0.38481992
6163,0.09392518
6164,0.9680197
6165,0.1258927
6166,0.9922117
6167,0.0004068315
6168,0.5323491
6169,0.00019019842
6170,0.34853053
6171,0.008520246
6172,0.499221
6173,0.9191836
6174,0.09634942
6175,0.047487557
6176,0.048724413
6177,0.91367847
6178,0.95248556
6179,0.6438272
6180,0.8556022
6181,0.30851716
6182,0.55607057
6183,0.996305
6184,0.34006512
6185,0.00025057793
6186,0.07657009
6187,0.21048477
6188,0.3758411
6189,0.0045928657
6190,0.10700244
6191,0.9872805
6192,0.030181259
6193,0.9691485
6194,0.005170256
6195,0.15200722
6196,0.9970672
6197,0.18846124
6198,0.7373517
6199,0.33979976
6200,0.0012682378
6201,0.9895248
6202,0.040596843
6203,0.20835164
6204,0.0069179535
6205,0.024454683
6206,0.01535961
6207,0.51066697
6208,0.8204173
6209,0.64669555
6210,0.08291367
6211,0.00513649
6212,0.0104011595
6213,0.030171782
6214,0.08726156
6215,0.20769486
6216,0.74773574
6217,0.013532877
6218,0.76655525
6219,0.1592851
6220,0.6258807
6221,0.84609914
6222,0.21377745
6223,0.8218173
6224,0.9983217
6225,0.071423024
6226,0.0027880073
6227,0.99920416
6228,0.9906883
6229,0.17708212
6230,0.016323268
6231,0.026061714
6232,0.9368216
6233,0.02052635
6234,0.5095931
6235,0.80998164
6236,0.99179554
6237,0.93902194
6238,0.992476
6239,0.1609385
6240,0.0031967163
6241,0.11228657
6242,0.99083173
6243,0.04594335
6244,0.10310766
6245,0.7344477
6246,0.59233356
6247,0.7797206
6248,0.99904966
6249,0.43107426
6250,0.97580045
6251,0.77545464
6252,0.77239084
6253,0.8097385
6254,0.009065598
6255,0.11050585
6256,0.011009753
6257,0.03904569
6258,0.9962047
6259,0.99764085
6260,0.06765169
6261,0.8959579
6262,0.011652291
6263,0.0094175935
6264,0.01648888
6265,0.9961925
6266,0.21506181
6267,0.116056144
6268,0.9625381
6269,0.10209435
6270,0.7657659
6271,0.0023127794
6272,0.4270748
6273,0.42574674
6274,0.40534753
6275,0.99300885
6276,0.14853469
6277,0.41342607
6278,0.0072268844
6279,0.9564779
6280,0.3065575
6281,0.8633932
6282,0.004156202
6283,0.00058960915
6284,0.8827138
6285,0.056337
6286,0.83074975
6287,0.6569963
6288,0.7482445
6289,0.09380239
6290,0.9774889
6291,0.9817483
6292,0.0012048185
6293,0.9995508
6294,0.002719134
6295,0.787642
6296,0.33242643
6297,0.08024132
6298,0.47835267
6299,0.81499577
6300,0.18272793
6301,0.24043113
6302,0.014284968
6303,0.90102375
6304,0.95688814
6305,0.9979428
6306,0.97355986
6307,0.046825826
6308,0.95377564
6309,0.37894982
6310,0.17830455
6311,0.54005635
6312,0.86829376
6313,0.9966123
6314,0.7423421
6315,0.14578909
6316,0.035321563
6317,0.03587243
6318,0.14556503
6319,0.9936532
6320,0.9717763
6321,0.617885
6322,0.7660599
6323,0.08195019
6324,0.34052116
6325,0.27827322
6326,0.6478755
6327,0.9059551
6328,0.06933558
6329,0.008498728
6330,0.058748633
6331,0.097358644
6332,0.086527646
6333,0.9843098
6334,0.9981166
6335,0.97005975
6336,0.24441981
6337,0.98810756
6338,0.0062247813
6339,0.021828234
6340,0.24125057
6341,0.83913624
6342,0.055549234
6343,0.61122185
6344,0.008609295
6345,0.08664343
6346,0.31916308
6347,0.9460278
6348,0.8197597
6349,0.5932155
6350,0.86984265
6351,0.17030558
6352,0.033330888
6353,0.5815408
6354,0.8840587
6355,0.9332204
6356,0.10018328
6357,0.8471887
6358,0.017846227
6359,0.88671505
6360,0.9976456
6361,0.71146005
6362,0.0057699084
6363,0.28655723
6364,0.37599814
6365,0.95271224
6366,0.0046180785
6367,0.18912384
6368,0.02253297
6369,0.023201108
6370,0.9469495
6371,0.98667866
6372,0.036905587
6373,0.041566014
6374,0.07372385
6375,0.9690745
6376,0.0021476746
6377,0.016345441
6378,0.8917564
6379,0.9944203
6380,0.008814931
6381,0.30342528
6382,0.3449602
6383,0.00049847364
6384,0.65579426
6385,0.5282066
6386,0.998399
6387,0.0011604428
6388,0.98089135
6389,0.0029925704
6390,0.9515562
6391,0.7033479
6392,0.3402763
6393,0.99896526
6394,0.55911195
6395,0.7841172
6396,0.044416696
6397,0.9978154
6398,0.0630891
6399,0.013294905
6400,0.99687874
6401,0.34676135
6402,0.11040771
6403,0.9986453
6404,0.88442814
6405,0.12110025
6406,0.051694095
6407,0.22516733
6408,0.0031581223
6409,0.987224
6410,0.2998349
6411,0.001681745
6412,0.9979938
6413,0.17308119
6414,0.12452093
6415,0.9935647
6416,0.030164838
6417,0.6497241
6418,0.93019766
6419,0.0006799996
6420,0.037032068
6421,0.006619513
6422,0.9981729
6423,0.0005206466
6424,0.70392114
6425,0.99906826
6426,0.9987544
6427,0.9917252
6428,0.030927896
6429,0.0076106787
6430,0.7701414
6431,0.15820941
6432,0.9432479
6433,0.024448901
6434,0.99998933
6435,0.06850338
6436,0.11895728
6437,0.38183504
6438,0.17864946
6439,0.39026338
6440,4.0352817e-05
6441,0.004799366
6442,0.77029455
6443,0.38408703
6444,0.012332618
6445,0.32411668
6446,0.118712395
6447,0.012763202
6448,0.019982487
6449,0.9988084
6450,0.0037266314
6451,0.31440073
6452,0.002765298
6453,0.018823475
6454,0.00037822127
6455,0.058731407
6456,0.09920105
6457,0.4342096
6458,0.91298056
6459,0.00056648254
6460,0.9746686
6461,0.027611285
6462,0.81880736
6463,0.9716319
6464,0.99929714
6465,0.8487592
6466,0.00011400063
6467,0.92918855
6468,0.67272764
6469,0.1195381
6470,0.31859714
6471,0.07845202
6472,0.03003022
6473,0.82603407
6474,0.99715817
6475,0.15128312
6476,0.8162688
6477,0.121513635
6478,0.00088602304
6479,0.012019366
6480,0.18960652
6481,0.9998784
6482,0.01720494
6483,0.8540834
6484,0.06594306
6485,0.024415195
6486,0.24271727
6487,0.01440528
6488,0.00031647086
6489,4.9773225e-05
6490,0.0016066134
6491,0.44368252
6492,0.016718477
6493,0.005954027
6494,0.22679344
6495,0.03833154
6496,0.9945444
6497,0.13477287
6498,0.046342164
6499,0.992339
6500,0.20650247
6501,0.8590233
6502,0.47307625
6503,0.32596648
6504,0.961914
6505,0.03490895
6506,0.10159016
6507,0.13433948
6508,0.08559066
6509,0.97478604
6510,0.9493166
6511,0.017063469
6512,0.8647194
6513,0.23155376
6514,0.07515243
6515,0.9277744
6516,0.009341717
6517,0.44110137
6518,0.030216575
6519,0.46375498
6520,0.21879888
6521,0.99426425
6522,0.98660755
6523,0.1410648
6524,0.615063
6525,0.97294706
6526,0.57721555
6527,0.002792269
6528,0.9987675
6529,0.13688356
6530,0.9847939
6531,0.82306933
6532,0.6478381
6533,0.93763876
6534,3.3501965e-05
6535,0.99560857
6536,0.005609125
6537,0.6504964
6538,0.9918992
6539,0.00030606985
6540,0.9439003
6541,0.08066848
6542,0.27017498
6543,0.068752825
6544,0.072625905
6545,0.0002489388
6546,0.2175312
6547,0.9897617
6548,5.8820497e-05
6549,0.055431783
6550,0.27406532
6551,0.76378393
6552,0.24331477
6553,0.15829328
6554,0.45759186
6555,0.22522384
6556,0.9630676
6557,0.020021439
6558,0.23770171
6559,0.032551736
6560,0.016190052
6561,0.73614424
6562,0.52779657
6563,0.7126837
6564,0.47106814
6565,0.021394342
6566,0.99999076
6567,0.68083686
6568,0.9314507
6569,0.86882347
6570,0.18893465
6571,0.9749384
6572,0.11962396
6573,0.104510725
6574,0.14575315
6575,0.87174296
6576,0.030096143
6577,0.10424796
6578,0.46908233
6579,0.95537305
6580,0.04360649
6581,0.3475538
6582,0.9097354
6583,0.947096
6584,0.9435313
6585,2.4642388e-06
6586,0.9999018
6587,0.9912722
6588,0.75734603
6589,0.0012311041
6590,0.0033240616
6591,0.909806
6592,0.0038793087
6593,0.343167
6594,0.0173046
6595,0.14685142
6596,0.016936153
6597,0.032929838
6598,0.028385341
6599,0.54813987
6600,0.28764424
6601,0.020284146
6602,0.9491404
6603,0.7324204
6604,0.7100266
6605,0.49851084
6606,0.14395094
6607,0.5676757
6608,0.9935498
6609,0.28256413
6610,0.03002876
6611,0.053773165
6612,0.4977102
6613,0.08373496
6614,0.0010683835
6615,0.99738574
6616,0.06045291
6617,0.52440834
6618,0.06661996
6619,0.44836235
6620,0.5624519
6621,0.6610114
6622,0.058821112
6623,0.026606202
6624,0.00031289458
6625,0.2416054
6626,0.0063250065
6627,0.99401784
6628,0.9146094
6629,0.4391551
6630,0.29035655
6631,0.6432516
6632,0.40077734
6633,0.9717908
6634,0.566581
6635,0.28514373
6636,0.95356864
6637,0.011248529
6638,0.9996462
6639,0.07010493
6640,0.98857534
6641,0.53809917
6642,0.000821203
6643,0.0074973106
6644,0.274737
6645,0.72864467
6646,0.046108842
6647,0.9472092
6648,0.8805585
6649,0.7316204
6650,0.0028408468
6651,0.61770284
6652,0.054894626
6653,0.32780007
6654,0.6721587
6655,0.9757917
6656,0.010654449
6657,0.0024243891
6658,0.9410281
6659,0.87226194
6660,0.0031074882
6661,0.32459503
6662,0.23823798
6663,0.3810234
6664,0.843313
6665,0.058104932
6666,6.009686e-05
6667,0.0034616888
6668,0.41478184
6669,0.0018755496
6670,0.043076456
6671,0.82355297
6672,0.053248793
6673,0.79248405
6674,0.0035417974
6675,0.9117651
6676,0.5707216
6677,0.020208359
6678,0.4804711
6679,0.008222938
6680,0.8976906
6681,0.0029679835
6682,0.9563745
6683,0.00046283007
6684,0.98709965
6685,0.26511124
6686,0.948328
6687,0.09711316
6688,0.00899744
6689,0.18174207
6690,0.9103235
6691,0.05390951
6692,0.71145904
6693,0.7000034
6694,0.1148842
6695,0.8917451
6696,0.00056150556
6697,0.08712217
6698,0.9986382
6699,0.02138716
6700,0.6879786
6701,0.24203321
6702,0.06843737
6703,0.993495
6704,0.9203261
6705,0.0017926693
6706,0.5764115
6707,0.9448167
6708,0.0067260265
6709,0.16877455
6710,0.16563988
6711,0.028682917
6712,0.99857473
6713,0.015746921
6714,0.3461812
6715,0.27292433
6716,0.031511128
6717,0.0018021464
6718,0.023481637
6719,0.001808852
6720,0.92098373
6721,0.020862758
6722,0.17397958
6723,0.25044724
6724,0.96369493
6725,0.034307986
6726,0.9972062
6727,0.40377373
6728,0.081092
6729,0.009671897
6730,0.9719516
6731,0.9490353
6732,0.39212823
6733,0.99889123
6734,0.03725186
6735,0.99248636
6736,0.9961058
6737,0.011991918
6738,0.27669108
6739,0.47104782
6740,0.0028491318
6741,0.028772801
6742,0.9750984
6743,0.07930952
6744,0.7662852
6745,0.9648002
6746,0.4960024
6747,0.9894521
6748,0.1185959
6749,0.1975042
6750,0.9782019
6751,0.13142332
6752,0.06793523
6753,0.046396494
6754,0.25306556
6755,0.96081936
6756,0.9629309
6757,0.9596846
6758,0.24021623
6759,0.024272293
6760,0.8634623
6761,0.783042
6762,0.45988724
6763,0.05947885
6764,0.08869317
6765,0.001004219
6766,0.026862383
6767,0.99903095
6768,0.65025944
6769,0.20224121
6770,0.0360637
6771,0.04782912
6772,0.004502028
6773,0.99994725
6774,0.989008
6775,0.6406982
6776,0.7210032
6777,0.14435273
6778,0.027600318
6779,0.9400234
6780,0.99909365
6781,0.8968343
6782,0.46653238
6783,0.054241776
6784,0.662122
6785,0.048343807
6786,0.014366031
6787,0.007960886
6788,0.96434355
6789,0.3265593
6790,0.25997585
6791,0.76277083
6792,0.8196479
6793,0.9917203
6794,0.37102205
6795,0.13933566
6796,0.013979465
6797,0.09144804
6798,0.03842482
6799,0.53565264
6800,0.8942902
6801,0.021218061
6802,0.006210208
6803,0.011889607
6804,0.016803354
6805,0.44542843
6806,0.2118792
6807,0.015050411
6808,0.04472801
6809,0.12035048
6810,0.4932866
6811,0.98623526
6812,0.0899615
6813,0.5212352
6814,0.20043668
6815,0.92062914
6816,0.074159056
6817,0.00032517314
6818,0.9992598
6819,0.50310004
6820,0.96681154
6821,0.9773101
6822,0.92206705
6823,0.97399247
6824,0.040379822
6825,0.99994755
6826,0.88948977
6827,0.26463684
6828,0.03200811
6829,0.07257831
6830,0.2734192
6831,0.9541038
6832,0.4720202
6833,0.9993683
6834,0.52426255
6835,0.1199809
6836,0.0024810433
6837,0.89820784
6838,0.10350591
6839,0.97783256
6840,0.883299
6841,0.0017760098
6842,0.80038667
6843,0.1404013
6844,0.82360816
6845,0.6003916
6846,0.07199684
6847,0.3125847
6848,0.11081922
6849,0.12463817
6850,0.40442815
6851,0.00014320016
6852,0.9226644
6853,0.16510633
6854,0.0988754
6855,0.73678577
6856,0.4831989
6857,0.7552073
6858,0.0036160946
6859,0.5218768
6860,0.1220268
6861,0.13418221
6862,0.10366681
6863,0.60083175
6864,0.39491117
6865,0.7129854
6866,0.90268844
6867,0.7070222
6868,0.06064099
6869,0.9998466
6870,0.0016471744
6871,0.006957352
6872,0.058750123
6873,0.010441095
6874,0.00639382
6875,0.09419519
6876,0.013113797
6877,0.05294293
6878,0.10962683
6879,0.030489713
6880,0.9894693
6881,0.110940844
6882,0.5483687
6883,0.01752904
6884,0.81004107
6885,0.9562243
6886,0.87926584
6887,0.33645564
6888,0.6802922
6889,0.94160664
6890,0.0068903863
6891,0.008483887
6892,0.12773013
6893,0.00450927
6894,0.00082585216
6895,0.10940173
6896,0.30359244
6897,0.005406469
6898,0.9959334
6899,0.004393548
6900,0.0016685724
6901,0.23411572
6902,0.4816764
6903,0.012229413
6904,0.12519759
6905,0.79097223
6906,0.030450165
6907,0.018530995
6908,0.017147332
6909,0.00010752504
6910,0.73724985
6911,0.026873142
6912,0.58693117
6913,0.0018853843
6914,0.0046766996
6915,0.9396318
6916,0.0055662096
6917,0.20476025
6918,0.9962453
6919,0.20869997
6920,0.9793494
6921,0.08402529
6922,0.49824134
6923,0.05962038
6924,0.94493955
6925,0.28727263
6926,0.27029145
6927,0.42256206
6928,3.4283952e-05
6929,0.30832058
6930,0.8605499
6931,0.022267759
6932,0.98764384
6933,0.9411018
6934,0.5202407
6935,0.17647001
6936,0.05900073
6937,0.9871135
6938,0.9770909
6939,0.999611
6940,0.95334005
6941,0.9996231
6942,0.99619067
6943,0.3079661
6944,0.9027464
6945,0.9082974
6946,0.7843412
6947,0.18674898
6948,0.9662471
6949,0.005604863
6950,0.0054816008
6951,0.51524436
6952,0.57870615
6953,0.0051959455
6954,0.5957677
6955,0.9180241
6956,0.40591067
6957,0.78709245
6958,0.030147702
6959,0.00805831
6960,0.99780035
6961,0.5930196
6962,0.729262
6963,0.9245362
6964,0.26543593
6965,0.99566597
6966,0.0056737363
6967,0.050985664
6968,0.004610449
6969,0.3177854
6970,0.9990356
6971,0.06663352
6972,0.043648213
6973,0.019967526
6974,0.9825198
6975,0.6819708
6976,0.99381
6977,0.98771846
6978,0.9779792
6979,0.5716633
6980,0.05450666
6981,0.5178735
6982,0.71404475
6983,0.13720608
6984,0.6830059
6985,0.00056767464
6986,0.64283276
6987,0.35876703
6988,0.9974977
6989,0.34085977
6990,0.039474577
6991,0.51444656
6992,0.13324574
6993,0.25300953
6994,0.9691541
6995,0.9939765
6996,0.25522727
6997,0.06734109
6998,0.001811266
6999,0.8784785
7000,0.18143576
7001,0.5105173
7002,0.8767005
7003,0.40592003
7004,0.02781576
7005,0.6888101
7006,0.077228725
7007,0.5166174
7008,0.9805872
7009,0.9941683
7010,0.6994029
7011,0.19126019
7012,0.53858495
7013,0.3870867
7014,0.044575363
7015,0.90375805
7016,0.99720824
7017,0.9893563
7018,0.01120773
7019,0.053085804
7020,0.0012463629
7021,0.9321612
7022,0.19859633
7023,0.013559908
7024,0.008636862
7025,0.9134921
7026,0.0015642345
7027,0.022919178
7028,0.027338415
7029,0.0964109
7030,0.99524873
7031,0.60707164
7032,0.97131276
7033,0.76513845
7034,0.9909493
7035,0.012931615
7036,0.9957339
7037,0.0005134046
7038,0.8707226
7039,0.99117756
7040,0.43591028
7041,0.08695388
7042,0.00018206239
7043,0.082991034
7044,0.44125617
7045,0.09298271
7046,0.8999742
7047,0.8853905
7048,0.12742403
7049,0.9971059
7050,0.04642722
7051,0.20922253
7052,0.57807946
7053,0.97931266
7054,0.0037965477
7055,0.10304716
7056,0.14784253
7057,0.98965436
7058,0.035388708
7059,0.081115454
7060,0.43768948
7061,0.9963281
7062,0.0003273487
7063,0.1337406
7064,0.012491792
7065,0.4801755
7066,0.99933827
7067,0.24289846
7068,0.97814286
7069,0.10903746
7070,0.04645711
7071,0.78006387
7072,0.17695719
7073,0.15111107
7074,0.03334999
7075,0.8822167
7076,0.00033083558
7077,0.9504008
7078,0.00502941
7079,0.19831389
7080,0.0075149536
7081,0.98757285
7082,0.17832667
7083,0.033964604
7084,0.05741033
7085,0.7554176
7086,0.7811778
7087,0.7945629
7088,0.82185477
7089,0.029647201
7090,0.00027877092
7091,0.7918489
7092,0.9997894
7093,0.25821054
7094,0.99986833
7095,0.3653469
7096,0.9768033
7097,0.66121113
7098,0.65304905
7099,0.05612552
7100,0.91844213
7101,0.6444005
7102,0.99094045
7103,0.4575044
7104,0.100165874
7105,0.036025614
7106,0.2249395
7107,0.6057738
7108,0.038277358
7109,0.9811621
7110,0.0044496357
7111,0.9981765
7112,0.0008787811
7113,0.38533908
7114,0.036598384
7115,0.950364
7116,0.985839
7117,0.9993981
7118,0.17059827
7119,0.022723049
7120,0.56512713
7121,0.028110832
7122,0.79874367
7123,0.034906656
7124,0.84781146
7125,0.99484825
7126,0.09151226
7127,0.8911574
7128,0.056156635
7129,0.09398994
7130,0.9982394
7131,0.0058704317
7132,0.26649716
7133,0.3412934
7134,0.68603367
7135,0.04522997
7136,0.022644907
7137,0.944894
7138,0.0017286539
7139,0.2595973
7140,0.009674162
7141,0.07622737
7142,0.34941623
7143,0.10077968
7144,0.013222784
7145,0.69533616
7146,0.001740247
7147,0.9884192
7148,0.0287157
7149,0.84900296
7150,0.016297072
7151,0.027765006
7152,0.986297
7153,0.0041912496
7154,0.7313352
7155,0.99913275
7156,0.026952058
7157,0.9265388
7158,0.004272133
7159,0.053693563
7160,0.910956
7161,0.57123256
7162,0.3605582
7163,0.9131036
7164,0.18607959
7165,0.6786575
7166,0.010565817
7167,0.99973094
7168,0.001511693
7169,0.7077042
7170,0.2753287
7171,0.33171755
7172,0.64274347
7173,0.028685778
7174,0.95422596
7175,0.60499674
7176,0.9468007
7177,0.0034436584
7178,0.742603
7179,0.50213486
7180,0.9647058
7181,0.004596859
7182,0.5137981
7183,0.25496107
7184,0.00016188622
7185,0.0005428493
7186,0.81122285
7187,0.9249854
7188,0.9976912
7189,0.85752
7190,0.08878702
7191,0.2257232
7192,0.99961424
7193,0.68874913
7194,0.021181077
7195,0.074015945
7196,0.14652592
7197,0.04726273
7198,0.090889275
7199,0.42142773
7200,0.9978641
7201,0.26369017
7202,0.112353146
7203,0.02852112
7204,0.7761313
7205,0.12256059
7206,0.0029073656
7207,0.563625
7208,0.21738416
7209,0.06563845
7210,0.6300773
7211,0.096383125
7212,0.61506945
7213,0.4759653
7214,0.0022538006
7215,0.9859921
7216,0.14150354
7217,0.51740307
7218,0.22472301
7219,0.40083325
7220,0.030175745
7221,0.4589131
7222,0.11007041
7223,0.20042118
7224,0.0046243668
7225,0.030277252
7226,0.8052379
7227,0.36067027
7228,0.6142085
7229,0.031542927
7230,0.8063978
7231,0.010568321
7232,0.4497748
7233,0.61308163
7234,0.012055665
7235,0.009770244
7236,0.16801885
7237,0.8010577
7238,0.1743395
7239,0.99478114
7240,0.7105272
7241,0.1877808
7242,0.4640071
7243,0.055410624
7244,0.7457875
7245,0.036418647
7246,0.8348173
7247,0.34428662
7248,0.997388
7249,0.97800875
7250,0.19358215
7251,0.028704494
7252,0.9454878
7253,0.01962459
7254,0.8211007
7255,0.17088929
7256,0.99986213
7257,0.40769815
7258,0.329058
7259,0.029220313
7260,0.0015479624
7261,0.9992762
7262,0.0092514455
7263,0.040846586
7264,0.84126514
7265,0.96917355
7266,0.015432835
7267,0.11092651
7268,0.34973228
7269,0.08627123
7270,0.14483348
7271,0.29440433
7272,0.7738606
7273,0.9521237
7274,0.9968605
7275,0.4244621
7276,0.0011689663
7277,0.8567704
7278,0.03562647
7279,0.8719282
7280,0.55892855
7281,0.07973033
7282,0.99993825
7283,0.17281789
7284,0.94525754
7285,0.34745628
7286,0.95849514
7287,0.96379244
7288,0.046210796
7289,0.6128841
7290,0.00062945485
7291,0.99928176
7292,0.0044887364
7293,0.00037896633
7294,0.81027436
7295,0.23838648
7296,0.24535811
7297,0.33567
7298,0.99327743
7299,0.97358716
7300,0.21057814
7301,0.008741945
7302,0.3697822
7303,0.005066335
7304,0.58379716
7305,0.8845248
7306,0.12965679
7307,0.0059574246
7308,0.015098333
7309,0.24233827
7310,0.48202664
7311,0.32251483
7312,0.88275766
7313,0.01815927
7314,0.01359719
7315,0.6769591
7316,0.722133
7317,0.60964495
7318,0.78547645
7319,0.9811276
7320,0.0036718547
7321,0.28983355
7322,0.8817955
7323,0.0032754838
7324,0.9293171
7325,0.15896115
7326,0.47836828
7327,0.6810173
7328,0.99424636
7329,0.018735737
7330,0.9724387
7331,0.5316742
7332,0.020694941
7333,0.86883724
7334,0.9576484
7335,0.84126
7336,0.15322357
7337,0.018978536
7338,0.21545884
7339,0.93466234
7340,0.009011775
7341,0.7354591
7342,0.1831482
7343,3.186919e-06
7344,0.04832974
7345,0.40689388
7346,0.008252025
7347,0.94693565
7348,0.021337211
7349,0.14247042
7350,0.22914949
7351,0.54451317
7352,0.99613595
7353,0.7144944
7354,0.00083217025
7355,0.8397746
7356,0.060276896
7357,0.31512022
7358,0.9880396
7359,0.27934062
7360,0.94828665
7361,0.53312486
7362,0.47239736
7363,0.09204623
7364,0.89710987
7365,0.77811277
7366,0.015242964
7367,0.9462857
7368,0.6506918
7369,0.025133163
7370,0.09555429
7371,0.024510086
7372,0.014864534
7373,0.7068464
7374,0.048102587
7375,0.928639
7376,0.9679514
7377,0.17995766
7378,0.7345652
7379,0.93845236
7380,0.074229896
7381,0.8182353
7382,0.99687517
7383,0.93659425
7384,0.23990443
7385,0.9384309
7386,0.5429931
7387,0.33466145
7388,0.5404052
7389,0.70626235
7390,0.00045487285
7391,0.0070916116
7392,0.021478564
7393,0.024793208
7394,0.012940109
7395,0.23307449
7396,0.9378053
7397,0.44659147
7398,0.7767552
7399,0.57924515
7400,0.9631429
7401,0.15092123
7402,0.05994743
7403,0.0340437
7404,0.045508265
7405,0.72202456
7406,0.023903936
7407,0.309138
7408,0.62867653
7409,0.77185035
7410,0.996809
7411,0.0023706555
7412,0.98838997
7413,0.0013323724
7414,0.8582596
7415,0.8955729
7416,0.102576405
7417,0.23002726
7418,0.21032634
7419,0.46360278
7420,0.17793956
7421,0.01998213
7422,0.83236504
7423,0.74761647
7424,0.16736344
7425,0.61240286
7426,0.6275259
7427,0.89069486
7428,0.2400532
7429,0.538316
7430,0.03321743
7431,0.08298138
7432,0.79238063
7433,0.5764279
7434,0.023518056
7435,0.6811609
7436,0.6366372
7437,0.61667913
7438,0.30142397
7439,0.19250995
7440,0.8000632
7441,0.319781
7442,0.9511162
7443,0.98264295
7444,0.23062193
7445,0.9798286
7446,0.26608282
7447,0.5271187
7448,0.03449905
7449,0.21391895
7450,0.13126701
7451,0.03958717
7452,0.50464725
7453,0.9895044
7454,0.581444
7455,0.2037997
7456,0.0034384131
7457,0.73208505
7458,0.30467877
7459,0.07149702
7460,0.01132068
7461,0.57348937
7462,0.06263256
7463,0.9590498
7464,0.8973169
7465,0.009233326
7466,0.09234369
7467,0.07487756
7468,0.0029223561
7469,0.5203785
7470,0.014132857
7471,0.024693519
7472,0.107881784
7473,0.012038827
7474,0.034004956
7475,0.23025975
7476,0.3589571
7477,0.4862958
7478,0.9994445
7479,0.49601105
7480,0.94332755
7481,0.96414053
7482,0.007157266
7483,0.34172896
7484,0.9928232
7485,0.981374
7486,0.0036298037
7487,0.8768935
7488,0.37164962
7489,0.0063444674
7490,0.18208331
7491,0.006773144
7492,0.06612557
7493,0.99994916
7494,0.8560015
7495,0.23335761
7496,0.9907646
7497,0.13436025
7498,0.92322564
7499,0.74431556
7500,0.92905486
7501,0.27631888
7502,0.29465234
7503,0.006769657
7504,0.8809662
7505,0.16275942
7506,0.0098133385
7507,0.36049962
7508,0.0012180209
7509,0.2696988
7510,0.825832
7511,0.69384545
7512,0.16020396
7513,0.80951506
7514,0.06874436
7515,0.52663195
7516,0.1052784
7517,0.9747128
7518,0.0007741451
7519,0.99462485
7520,0.83312136
7521,0.9706579
7522,0.17369667
7523,0.2740947
7524,0.48831412
7525,0.98272
7526,0.044790596
7527,0.040727526
7528,0.8438834
7529,0.5050018
7530,0.8744756
7531,0.014083415
7532,0.79209566
7533,0.29446733
7534,0.0029723048
7535,0.0114893615
7536,0.016689181
7537,0.027317166
7538,0.005496055
7539,0.014035016
7540,0.029430032
7541,0.0119894445
7542,0.016950935
7543,0.9864689
7544,0.119585514
7545,0.9448015
7546,0.98638684
7547,0.0012362897
7548,0.2088674
7549,0.2564705
7550,0.9679463
7551,0.19708383
7552,0.66219735
7553,0.5625723
7554,0.8723335
7555,0.6908908
7556,0.84273994
7557,0.47725183
7558,0.5930859
7559,0.9761119
7560,0.10924089
7561,0.9980943
7562,0.9937914
7563,0.28790432
7564,0.038199425
7565,0.80217314
7566,0.9861522
7567,0.20500875
7568,0.08456239
7569,0.08066356
7570,0.9013518
7571,0.83186173
7572,0.21406382
7573,0.015809298
7574,0.23019683
7575,0.07754499
7576,0.12294796
7577,0.07903817
7578,0.30818415
7579,0.7222862
7580,0.06357613
7581,0.043492794
7582,0.9941515
7583,0.8890288
7584,0.16848665
7585,0.054039717
7586,0.7616825
7587,0.87409544
7588,0.6062176
7589,0.033123314
7590,0.9517131
7591,0.67651916
7592,0.5162969
7593,0.006808132
7594,0.0028564632
7595,0.82292974
7596,0.74352217
7597,0.003014028
7598,0.7030952
7599,0.93011177
7600,0.94968057
7601,0.010504365
7602,0.048713177
7603,0.7713859
7604,0.013275683
7605,0.026561618
7606,0.90005475
7607,0.14929178
7608,0.030536503
7609,0.29145652
7610,0.42707032
7611,0.8850793
7612,0.9520326
7613,0.73024005
7614,0.024241835
7615,0.052551806
7616,0.9797249
7617,0.10855061
7618,0.99747086
7619,0.7072013
7620,0.88882065
7621,0.050453633
7622,0.015116483
7623,0.53038543
7624,0.18765011
7625,0.9497057
7626,0.0070351064
7627,0.03915012
7628,0.0004918277
7629,0.16463068
7630,0.003530413
7631,0.016942888
7632,0.2680648
7633,0.28703415
7634,0.49884692
7635,0.01543498
7636,0.34720325
7637,9.34306e-05
7638,0.10705131
7639,0.9407619
7640,0.5820855
7641,0.029231876
7642,0.039530516
7643,0.020424336
7644,0.7892146
7645,0.4586424
7646,0.7313365
7647,0.0011003613
7648,0.19480637
7649,0.090070724
7650,0.78720367
7651,9.942127e-05
7652,0.028042018
7653,0.61687076
7654,0.0073466003
7655,0.105884284
7656,0.27210784
7657,0.32178774
7658,0.013709396
7659,0.1686401
7660,0.012553632
7661,0.17511803
7662,0.8538855
7663,0.3443482
7664,0.99642277
7665,0.4557982
7666,0.9084219
7667,0.7754158
7668,0.96979934
7669,0.069094986
7670,0.026489973
7671,0.9963561
7672,0.004759729
7673,0.99699795
7674,0.09239641
7675,0.9836526
7676,0.9030644
7677,0.032253534
7678,0.022809118
7679,0.0057343543
7680,0.011666447
7681,0.14320943
7682,0.09410477
7683,0.5814094
7684,0.264677
7685,0.74883056
7686,0.20728955
7687,0.92181396
7688,0.8981888
7689,0.31075943
7690,0.13859805
7691,0.12646991
7692,0.8976803
7693,0.29212067
7694,0.95463806
7695,0.34807795
7696,0.99703586
7697,0.5878943
7698,0.011103928
7699,0.99137616
7700,0.018270701
7701,0.056205273
7702,0.073195964
7703,0.014684081
7704,0.9153354
7705,0.6160202
7706,0.105665505
7707,0.34625286
7708,0.035227507
7709,0.86674416
7710,0.7802152
7711,0.24079266
7712,0.085116625
7713,0.99973416
7714,0.66727877
7715,0.06440911
7716,0.00935939
7717,0.27580708
7718,0.00051909685
7719,0.056541026
7720,0.13636485
7721,0.17658225
7722,0.00039225817
7723,0.98166144
7724,0.007425517
7725,0.0064605176
7726,0.99988616
7727,0.24312955
7728,0.9928578
7729,0.7491671
7730,0.86356163
7731,0.62019527
7732,0.15403417
7733,0.078051776
7734,0.13597012
7735,0.4802678
7736,0.982147
7737,0.5405817
7738,0.5084317
7739,0.20262286
7740,0.062422246
7741,0.48125315
7742,0.014843196
7743,0.048644453
7744,0.96214795
7745,0.023803174
7746,0.008282274
7747,0.73068714
7748,0.998678
7749,0.3943703
7750,0.0013363957
7751,0.07277489
7752,0.99967134
7753,0.019087821
7754,0.19065079
7755,0.47457168
7756,0.9714012
7757,0.9389392
7758,0.9476882
7759,0.3004189
7760,0.008895457
7761,0.033079207
7762,0.15191656
7763,0.9430274
7764,0.09279516
7765,0.9694827
7766,0.038680762
7767,0.057011068
7768,0.005752176
7769,0.99783736
7770,0.3813101
7771,0.6984273
7772,0.0076312423
7773,0.95899534
7774,0.0037045777
7775,0.04744351
7776,0.9971595
7777,0.0022872686
7778,0.003723085
7779,0.039179087
7780,0.004077822
7781,0.94398755
7782,0.96573657
7783,0.16613746
7784,0.92332375
7785,0.20804831
7786,0.603546
7787,0.96008
7788,0.0020247102
7789,0.011203319
7790,0.015061349
7791,0.20002034
7792,0.0025984943
7793,0.018338948
7794,0.015233487
7795,0.94771135
7796,0.8689791
7797,0.057364345
7798,0.9562742
7799,0.36162382
7800,0.36489126
7801,0.8666421
7802,0.064163566
7803,0.63107413
7804,0.0038457513
7805,0.4507918
7806,0.4324885
7807,0.024935871
7808,0.6409919
7809,0.63347703
7810,0.9065516
7811,0.042742252
7812,0.61863714
7813,0.9645691
7814,0.94546163
7815,0.012948573
7816,0.93802655
7817,0.9992891
7818,0.85329044
7819,0.15709674
7820,0.79297096
7821,0.04427606
7822,0.12368888
7823,0.9365995
7824,0.009130269
7825,0.9242748
7826,0.39635646
7827,0.9700791
7828,0.043840557
7829,0.05637178
7830,0.0084965825
7831,0.99284923
7832,0.99975467
7833,0.39344764
7834,0.6873176
7835,0.9642208
7836,0.97664535
7837,0.18818435
7838,0.9022212
7839,0.22877952
7840,0.2196782
7841,0.98652315
7842,0.9923578
7843,0.034825623
7844,0.5340782
7845,0.847216
7846,0.63355684
7847,0.079585105
7848,0.8686968
7849,0.09205446
7850,0.5647946
7851,0.8142985
7852,0.99432486
7853,0.7189828
7854,0.042645693
7855,0.21313566
7856,0.020931125
7857,0.00074386597
7858,0.9998046
7859,0.022058219
7860,0.99859047
7861,0.2719921
7862,0.7963084
7863,0.99797106
7864,0.004213035
7865,0.0037893057
7866,0.03714919
7867,0.5908014
7868,0.93187106
7869,0.8121828
7870,0.9142453
7871,0.2825065
7872,0.94689023
7873,0.10246715
7874,0.09722316
7875,0.21059906
7876,0.7105724
7877,0.4834671
7878,0.4039826
7879,0.059579402
7880,0.55303884
7881,0.31535882
7882,0.52050036
7883,0.012426645
7884,0.1652435
7885,0.011074096
7886,0.44514823
7887,0.9698048
7888,0.30796373
7889,0.8762907
7890,0.55712897
7891,0.550157
7892,0.04211417
7893,0.0008290112
7894,0.92647415
7895,0.09996778
7896,0.4026677
7897,0.9747298
7898,0.18114474
7899,0.0032523572
7900,0.95609623
7901,0.3669191
7902,0.09102914
7903,0.9730377
7904,0.09002319
7905,0.039295286
7906,0.014599085
7907,0.278427
7908,0.34138924
7909,0.64647746
7910,0.5458987
7911,0.8669815
7912,0.008285344
7913,0.017290473
7914,0.024148613
7915,0.004798323
7916,0.1616877
7917,0.31203923
7918,0.2905919
7919,0.08955121
7920,0.039233506
7921,0.4709868
7922,0.9891405
7923,0.9912053
7924,0.45163652
7925,0.16120684
7926,0.529949
7927,0.10294038
7928,0.34352872
7929,0.99511003
7930,0.28720134
7931,0.02833715
7932,0.53077155
7933,0.9976245
7934,0.99467343
7935,0.008197904
7936,0.98246944
7937,0.9994045
7938,0.5847364
7939,1.6358259e-05
7940,0.06820506
7941,0.0486885
7942,0.8637918
7943,0.4987626
7944,0.41560906
7945,0.15517738
7946,0.18685687
7947,0.39716733
7948,0.86718273
7949,0.098181665
7950,0.8115553
7951,0.96716225
7952,0.0075324476
7953,0.7536284
7954,0.0064745545
7955,0.019821048
7956,0.99847174
7957,0.18280336
7958,0.69679177
7959,0.622445
7960,0.8002225
7961,0.9932033
7962,0.45125532
7963,0.00012806058
7964,0.12012583
7965,0.98835784
7966,0.037635684
7967,0.00864616
7968,0.20012861
7969,0.34512794
7970,0.00432986
7971,0.0017825067
7972,0.18813822
7973,0.99984074
7974,0.163746
7975,0.9933372
7976,0.034265935
7977,0.4333428
7978,0.7182428
7979,0.06105101
7980,0.017064184
7981,0.9430959
7982,0.99528027
7983,0.04517567
7984,0.14252928
7985,0.83347964
7986,0.113176435
7987,0.0077931285
7988,0.122238636
7989,0.18108228
7990,0.29563385
7991,0.9975586
7992,0.9782704
7993,0.99747264
7994,0.84770167
7995,0.06835735
7996,0.008194745
7997,0.005892873
7998,0.9976889
7999,0.064115494
8000,0.20360696
8001,0.0009545386
8002,0.9314029
8003,0.05036953
8004,0.83779067
8005,0.523553
8006,0.76761794
8007,0.8595612
8008,0.9886037
8009,0.030524015
8010,0.012295455
8011,0.33334094
8012,0.019607991
8013,0.068629235
8014,0.0017531514
8015,0.7988788
8016,0.27709627
8017,0.07689226
8018,0.071790576
8019,0.0131673515
8020,0.022501409
8021,0.16029355
8022,0.6922545
8023,0.3352338
8024,0.0015460253
8025,0.00018662214
8026,0.036452174
8027,0.9980474
8028,0.11997697
8029,0.007542908
8030,0.99210757
8031,0.99397105
8032,2.4304378e-05
8033,0.9915689
8034,0.973472
8035,0.12112999
8036,0.40503561
8037,0.61833614
8038,0.1590218
8039,0.010298222
8040,0.036355406
8041,0.36693692
8042,0.006259501
8043,0.011027098
8044,0.34312844
8045,0.97759724
8046,0.10287583
8047,0.36632526
8048,0.8645117
8049,0.56967425
8050,0.5308198
8051,0.41466752
8052,0.009072393
8053,0.9887903
8054,0.9712142
8055,6.179038e-05
8056,0.02952382
8057,0.95398164
8058,0.9782706
8059,0.0013543963
8060,0.5876154
8061,0.3708244
8062,0.001784265
8063,0.6115467
8064,0.9862031
8065,0.048368543
8066,0.43353364
8067,0.058471024
8068,0.9894599
8069,0.8844999
8070,0.054712355
8071,0.9798937
8072,0.0014160573
8073,0.7054093
8074,0.62388825
8075,0.22981998
8076,0.76953095
8077,0.0009582937
8078,0.019600153
8079,0.9296798
8080,0.9994869
8081,0.0005393028
8082,0.9996215
8083,0.02990359
8084,0.007781893
8085,0.02082014
8086,0.8387469
8087,0.00021415949
8088,0.009447992
8089,0.5500374
8090,0.23008463
8091,0.8421966
8092,0.35207856
8093,0.84789944
8094,0.99933064
8095,0.94114745
8096,0.8763232
8097,0.20608166
8098,0.30621207
8099,0.18198776
8100,0.98459107
8101,0.2132718
8102,0.8798089
8103,0.25954998
8104,0.8705752
8105,0.001457572
8106,0.15612987
8107,0.36037844
8108,0.9605582
8109,0.35711887
8110,0.8958552
8111,0.05899462
8112,0.030780405
8113,0.28592208
8114,0.08357149
8115,0.96544325
8116,0.10262105
8117,0.07796684
8118,0.0019248426
8119,0.00034683943
8120,0.00031250715
8121,0.051296413
8122,0.031247765
8123,0.5517358
8124,0.07687566
8125,0.0028529763
8126,0.020387381
8127,0.51165164
8128,0.46401346
8129,0.817238
8130,0.23740152
8131,0.047526956
8132,0.26765233
8133,0.001129657
8134,0.15094021
8135,0.93963814
8136,0.0011835694
8137,0.59529746
8138,0.9903289
8139,0.9928927
8140,0.36025712
8141,0.087180644
8142,0.9670167
8143,0.031965047
8144,0.055848897
8145,0.16280821
8146,0.010161281
8147,0.77097225
8148,0.08278018
8149,0.9974059
8150,0.22942442
8151,0.71584934
8152,0.017586201
8153,0.00011187448
8154,0.015118927
8155,0.6742211
8156,0.19232577
8157,0.9177315
8158,0.033273667
8159,0.0055297613
8160,0.5369893
8161,0.05853489
8162,0.02317208
8163,0.91231054
8164,0.8784307
8165,0.9202477
8166,0.23808429
8167,0.1810233
8168,0.10224095
8169,0.97234154
8170,0.5186877
8171,0.0013640225
8172,0.11727324
8173,0.9871011
8174,0.11807081
8175,0.14590842
8176,0.99014723
8177,0.38449264
8178,0.87887573
8179,0.018665016
8180,0.20294657
8181,0.9964397
8182,0.6783337
8183,0.060284108
8184,0.28298932
8185,0.99994284
8186,0.0072674155
8187,0.37132603
8188,0.11053935
8189,0.011734664
8190,0.95405024
8191,0.12470001
8192,0.0008094311
8193,0.78365314
8194,0.00035840273
8195,0.054393798
8196,0.9747318
8197,0.80818343
8198,0.20153546
8199,0.15636656
8200,0.2647946
8201,0.048345298
8202,0.6727497
8203,0.105208606
8204,0.92349803
8205,0.08663249
8206,0.0013786554
8207,0.3898943
8208,0.9976991
8209,0.9075577
8210,0.9445578
8211,0.8028439
8212,0.8840178
8213,0.19056255
8214,0.011651635
8215,0.017468572
8216,0.485929
8217,0.003967136
8218,0.98440075
8219,0.9998403
8220,0.07407811
8221,0.77041596
8222,0.66007805
8223,0.809475
8224,0.8886259
8225,0.9054115
8226,0.27084923
8227,0.9931663
8228,0.76277244
8229,0.025509506
8230,0.115869194
8231,0.97281694
8232,0.7704716
8233,0.05298388
8234,0.98731494
8235,0.7268029
8236,0.0056233406
8237,7.314802e-05
8238,0.03132823
8239,0.010570109
8240,0.0033442378
8241,0.07093355
8242,0.99894136
8243,0.084708214
8244,0.42719895
8245,0.00041779876
8246,0.0020038486
8247,0.6353939
8248,0.003291756
8249,0.19686773
8250,0.17318577
8251,0.0012388825
8252,0.036675274
8253,0.6597204
8254,0.04920858
8255,0.96886337
8256,0.9906771
8257,0.068974435
8258,0.9473311
8259,0.9201161
8260,0.9985952
8261,0.57206804
8262,0.5623467
8263,0.0038594604
8264,0.12890786
8265,0.17685571
8266,0.69861597
8267,0.93377984
8268,0.0425106
8269,0.0032030046
8270,0.76916695
8271,0.06496245
8272,0.97726333
8273,0.20834425
8274,0.40271905
8275,0.16569349
8276,0.8344933
8277,0.026546955
8278,0.9991926
8279,0.0143815875
8280,0.9907361
8281,0.9190179
8282,0.0011890531
8283,0.00041618943
8284,0.6156167
8285,0.98503566
8286,0.84798074
8287,0.28604877
8288,0.33504656
8289,0.77936846
8290,0.16358104
8291,0.010759652
8292,0.22436294
8293,0.07070038
8294,0.997549
8295,0.9197246
8296,0.0016389787
8297,0.008838385
8298,0.38142583
8299,0.9564576
8300,0.15600193
8301,0.023159146
8302,0.038466513
8303,0.4522084
8304,0.9856456
8305,0.059140295
8306,0.28025553
8307,0.98453474
8308,0.82463044
8309,0.23618329
8310,0.98973477
8311,8.590288e-05
8312,0.3568132
8313,0.9789232
8314,0.9789146
8315,0.13291979
8316,0.0025334358
8317,0.17863974
8318,0.0006136298
8319,0.32251483
8320,0.8886987
8321,0.028847814
8322,0.8504466
8323,0.012803733
8324,0.38147786
8325,0.9989293
8326,0.004692912
8327,0.9995192
8328,4.9565657e-05
8329,0.3742478
8330,0.06976318
8331,0.82431984
8332,0.87070644
8333,0.25899076
8334,0.74906415
8335,0.13096124
8336,0.11943361
8337,0.24878225
8338,0.9952071
8339,0.36379096
8340,0.09176266
8341,0.0057210624
8342,0.76703125
8343,0.530859
8344,0.9849373
8345,0.12443367
8346,0.37451747
8347,0.003701955
8348,0.9534622
8349,0.9567092
8350,0.98113525
8351,0.00990051
8352,0.022603542
8353,0.8524581
8354,0.89468503
8355,0.71932954
8356,0.0068401694
8357,0.23047122
8358,0.23824489
8359,0.00229761
8360,0.99974513
8361,0.1021592
8362,0.56474316
8363,0.5746334
8364,0.004419774
8365,0.018829226
8366,0.09165496
8367,0.9910086
8368,0.9311677
8369,0.34626102
8370,0.025927782
8371,0.982087
8372,0.17628786
8373,0.01844725
8374,0.76396465
8375,0.002634585
8376,0.98844385
8377,0.81576586
8378,0.033256978
8379,0.9231943
8380,0.95856524
8381,0.4642616
8382,0.9775516
8383,0.81464875
8384,0.47537142
8385,0.47793454
8386,0.39614716
8387,0.00043606758
8388,0.9968654
8389,0.38384277
8390,0.054439157
8391,0.0690431
8392,0.9921319
8393,0.39707956
8394,0.94845
8395,0.5705794
8396,0.11827707
8397,0.00014588237
8398,0.534294
8399,0.0076324344
8400,0.22454938
8401,0.31614137
8402,0.004952252
8403,0.99146146
8404,0.97843
8405,0.99843705
8406,0.39830607
8407,0.4009831
8408,0.34849212
8409,0.39491978
8410,0.97333854
8411,0.99429893
8412,0.9903008
8413,0.1999147
8414,0.006818861
8415,0.4128827
8416,0.68842435
8417,0.9844246
8418,0.000110850044
8419,0.011028171
8420,0.02945751
8421,0.43523717
8422,0.19468069
8423,0.0152460635
8424,0.6667614
8425,0.9600538
8426,0.005605936
8427,0.39597657
8428,0.0075686574
8429,0.005775988
8430,0.900501
8431,0.7745143
8432,0.062740445
8433,0.29701725
8434,0.054993957
8435,0.6757351
8436,0.027582228
8437,0.117667556
8438,0.037262738
8439,0.04486078
8440,0.0032419562
8441,0.9700428
8442,0.031443745
8443,0.27120072
8444,0.009101301
8445,0.0049426258
8446,0.9509815
8447,0.018498331
8448,0.48088634
8449,0.11835092
8450,0.057664543
8451,0.13947237
8452,0.089877814
8453,0.46643117
8454,0.66464794
8455,0.22105023
8456,0.030699879
8457,0.61127585
8458,0.025555342
8459,0.006304145
8460,2.9424696e-06
8461,0.11880514
8462,0.011163652
8463,0.83703315
8464,0.07060164
8465,0.65839535
8466,0.016723156
8467,0.18886366
8468,0.65066004
8469,0.06586382
8470,0.14383763
8471,0.75185555
8472,0.9991456
8473,0.73481464
8474,0.4006515
8475,0.006347269
8476,0.3271917
8477,0.10416612
8478,0.60085726
8479,0.9434046
8480,0.27858925
8481,0.0027979314
8482,0.8795683
8483,0.015685022
8484,0.7725159
8485,0.8222606
8486,0.9862862
8487,0.03104949
8488,0.0023195446
8489,0.62042624
8490,0.9889068
8491,0.9970479
8492,0.5735986
8493,0.017046034
8494,0.3405891
8495,0.068695486
8496,0.62488884
8497,0.52129465
8498,0.17746997
8499,0.0024465919
8500,0.47071686
8501,0.00027006865
8502,0.87630796
8503,0.29576772
8504,0.5510998
8505,0.75885576
8506,0.769776
8507,0.9958213
8508,0.6292119
8509,0.023905337
8510,0.04358709
8511,0.65095776
8512,0.42715687
8513,0.5293597
8514,0.7120675
8515,0.2912668
8516,0.9786423
8517,0.25582463
8518,0.059041113
8519,0.009324342
8520,0.22658104
8521,0.9482717
8522,0.101367265
8523,0.044708967
8524,0.30943793
8525,0.82419515
8526,0.1639466
8527,0.96802896
8528,0.60536945
8529,0.011861771
8530,0.004431069
8531,0.04029727
8532,0.08861759
8533,0.9873721
8534,0.10415608
8535,0.34348494
8536,0.9647229
8537,0.9774488
8538,0.97875094
8539,0.035220653
8540,0.15205488
8541,0.44367254
8542,0.9753423
8543,0.33806145
8544,0.47796887
8545,0.016930789
8546,0.626292
8547,0.12719214
8548,0.5491173
8549,0.90752643
8550,0.9934847
8551,0.23775396
8552,0.99334544
8553,0.30614015
8554,0.9414634
8555,0.9184519
8556,0.00028938055
8557,0.5951856
8558,0.026286572
8559,0.2455518
8560,0.06479731
8561,0.747125
8562,0.9930058
8563,0.8348604
8564,0.81477165
8565,0.9913294
8566,0.7832024
8567,0.23399627
8568,0.9340183
8569,0.9085952
8570,0.5106574
8571,0.09706181
8572,0.20081052
8573,0.7560221
8574,0.8729266
8575,0.97915316
8576,0.1627954
8577,0.99992347
8578,0.00039488077
8579,0.97611654
8580,0.33240256
8581,0.9072453
8582,0.00033444166
8583,0.9996773
8584,0.858099
8585,0.9890095
8586,0.004892051
8587,0.12827733
8588,0.9595308
8589,0.8397578
8590,0.007336706
8591,0.9983521
8592,0.96956146
8593,0.1288301
8594,0.8832041
8595,0.6551205
8596,0.91604036
8597,0.06686744
8598,0.0016513169
8599,0.78699744
8600,0.122915775
8601,0.98485595
8602,0.1952379
8603,0.05293435
8604,0.018317252
8605,0.46251363
8606,0.0030530393
8607,0.019077003
8608,0.9891839
8609,0.0041410923
8610,0.12839147
8611,0.25960758
8612,0.0015794933
8613,0.08187643
8614,0.999895
8615,0.24341044
8616,0.3103503
8617,0.002190113
8618,0.44271645
8619,0.10523993
8620,0.007101953
8621,0.87085813
8622,0.42954105
8623,0.048730344
8624,0.048779458
8625,0.012327075
8626,0.023876011
8627,0.5328785
8628,0.27406532
8629,0.04585585
8630,0.997252
8631,0.60588324
8632,0.20648652
8633,0.023934096
8634,0.00020727515
8635,0.011234522
8636,0.0069574416
8637,0.08615956
8638,0.6747038
8639,0.53830725
8640,0.82503736
8641,0.004630953
8642,0.04813552
8643,0.57105017
8644,0.12122938
8645,0.9591738
8646,0.024779499
8647,0.9635136
8648,0.2725563
8649,0.45657068
8650,0.68253326
8651,0.2276305
8652,0.009270757
8653,0.054979593
8654,0.96924925
8655,0.99993426
8656,0.26677483
8657,0.6041644
8658,0.31612152
8659,0.9893807
8660,0.0008404553
8661,0.09593165
8662,0.038547218
8663,0.100525856
8664,0.000105595864
8665,0.074923426
8666,0.9995724
8667,0.7469982
8668,0.96406776
8669,0.18602669
8670,0.03774467
8671,0.4292522
8672,0.18497747
8673,0.620309
8674,0.31668347
8675,0.010363251
8676,0.9908116
8677,0.04769534
8678,0.9950693
8679,0.010899961
8680,0.047133923
8681,0.622705
8682,0.77238977
8683,0.39061582
8684,0.2155636
8685,0.48322976
8686,0.06167105
8687,0.09479827
8688,0.13621968
8689,0.53689724
8690,0.023576528
8691,0.25137252
8692,3.9395873e-05
8693,0.23237613
8694,0.9975322
8695,0.98011494
8696,0.0658125
8697,0.06469101
8698,0.7693739
8699,0.26404274
8700,0.01453644
8701,0.034065753
8702,0.81106544
8703,0.39129534
8704,0.00011985553
8705,0.1878263
8706,0.08004978
8707,0.0709171
8708,0.003915161
8709,0.98847985
8710,0.058793515
8711,0.034493417
8712,0.075243056
8713,0.99006546
8714,0.020059258
8715,0.4123325
8716,0.68222696
8717,0.022476137
8718,0.7240999
8719,0.0042704046
8720,0.80299664
8721,0.9919703
8722,0.054904222
8723,0.0038861632
8724,0.00045782328
8725,0.55194217
8726,0.94087744
8727,0.03805536
8728,0.62699115
8729,0.10686612
8730,0.049105912
8731,0.0043193996
8732,0.35017163
8733,0.9584892
8734,0.9927492
8735,0.01574561
8736,0.95210755
8737,0.028820068
8738,0.9280418
8739,0.00095388293
8740,0.91110706
8741,0.75180614
8742,8.9287474e-05
8743,0.0009807646
8744,0.055974692
8745,0.0034975708
8746,0.036141932
8747,0.5887595
8748,0.0031725466
8749,0.99855965
8750,0.062678486
8751,0.795063
8752,0.04658571
8753,0.98535913
8754,0.98960924
8755,0.8641219
8756,0.82392037
8757,0.0010845065
8758,0.80971646
8759,0.17729768
8760,0.017039329
8761,0.06460908
8762,0.9717713
8763,0.7570795
8764,0.9381533
8765,0.15561604
8766,0.00043952465
8767,0.9358015
8768,0.0064763427
8769,0.1984267
8770,0.6148551
8771,0.036037773
8772,0.9990954
8773,0.99608904
8774,0.8578697
8775,0.9996226
8776,0.028004915
8777,5.420708e-06
8778,0.07141897
8779,0.15889144
8780,0.8754858
8781,0.06856164
8782,0.20088586
8783,0.91035014
8784,0.41462433
8785,0.0014961362
8786,0.018761277
8787,0.028997183
8788,0.01430285
8789,0.994074
8790,0.74146926
8791,0.025935888
8792,0.9770813
8793,0.20483601
8794,0.07171756
8795,0.08132997
8796,0.08979392
8797,0.014639348
8798,0.055094123
8799,0.014271051
8800,0.8913895
8801,0.030563325
8802,0.21973479
8803,0.03153473
8804,0.83395386
8805,0.0005784333
8806,0.99403596
8807,0.1208722
8808,0.008691609
8809,0.5357065
8810,0.99320054
8811,0.9019417
8812,0.051881164
8813,0.9923628
8814,0.45212242
8815,0.14146549
8816,0.3658231
8817,0.91782576
8818,0.04545185
8819,0.115146846
8820,0.7408968
8821,0.93244815
8822,0.048915684
8823,0.99996394
8824,0.999166
8825,0.29807118
8826,0.5692422
8827,0.00043326616
8828,0.27990508
8829,0.8108899
8830,0.36256593
8831,0.058972687
8832,0.17477396
8833,0.0075884163
8834,0.55610096
8835,0.99740934
8836,0.10182044
8837,0.2399236
8838,0.0025488436
8839,0.9973557
8840,0.13393351
8841,0.030290216
8842,0.94798243
8843,0.101720124
8844,0.09225154
8845,0.8644677
8846,0.6727936
8847,0.0051253736
8848,0.009178042
8849,0.93306446
8850,0.5939677
8851,0.057337493
8852,0.66581845
8853,0.95724124
8854,0.14420578
8855,0.013237089
8856,0.9792295
8857,0.37462634
8858,0.97211194
8859,0.2480753
8860,0.16321552
8861,0.023997486
8862,0.9804531
8863,0.9719723
8864,0.9275477
8865,0.019198239
8866,0.0034811497
8867,0.9863153
8868,0.9891744
8869,0.34896034
8870,0.79488623
8871,0.5505923
8872,0.026476085
8873,0.17554283
8874,0.038175195
8875,0.43132848
8876,0.008464128
8877,0.39358315
8878,0.9987326
8879,0.00067037344
8880,0.024766147
8881,0.022529215
8882,0.89813304
8883,0.0074489415
8884,0.003284514
8885,0.6772939
8886,0.39532235
8887,0.13633731
8888,0.00024354458
8889,0.013381153
8890,0.99210024
8891,0.9844629
8892,0.06532672
8893,0.14369783
8894,0.0313226
8895,0.5582577
8896,0.13318703
8897,0.999532
8898,0.03579092
8899,0.081710935
8900,0.67555416
8901,0.021156073
8902,0.92093205
8903,0.080886275
8904,0.1517666
8905,0.34428984
8906,0.68319815
8907,0.14205116
8908,0.3118673
8909,0.06238064
8910,0.015680224
8911,0.95703363
8912,0.45815045
8913,0.3562913
8914,0.11151412
8915,0.014264256
8916,0.10556966
8917,0.9999221
8918,0.90116704
8919,0.9806862
8920,0.661659
8921,0.44795355
8922,0.246182
8923,0.9199181
8924,0.8744947
8925,0.033890784
8926,0.98641515
8927,0.166776
8928,0.39572722
8929,0.1492742
8930,0.86208355
8931,0.2765544
8932,0.8882711
8933,0.12953776
8934,0.033456057
8935,0.38462633
8936,0.21671185
8937,0.997983
8938,0.9390305
8939,0.010205239
8940,0.15766847
8941,0.15065894
8942,0.06912586
8943,0.95427114
8944,0.99971026
8945,0.89870155
8946,0.9067514
8947,0.25399145
8948,0.52738225
8949,0.6294602
8950,0.4700474
8951,0.21747497
8952,0.72007924
8953,0.09062666
8954,0.2877589
8955,0.96556723
8956,0.9898604
8957,0.9004168
8958,0.9894472
8959,0.9065598
8960,0.006246537
8961,0.33539164
8962,0.99715537
8963,0.057869256
8964,0.7924695
8965,0.83022034
8966,0.15746832
8967,0.0859918
8968,0.006377995
8969,0.9576261
8970,0.94655097
8971,0.005504042
8972,0.9758451
8973,0.13453272
8974,0.0043004155
8975,0.49033192
8976,0.25173044
8977,0.31667015
8978,0.9091579
8979,0.92133474
8980,0.7060566
8981,0.29330164
8982,0.82838047
8983,0.0032370389
8984,0.96648955
8985,0.8293679
8986,0.0073666573
8987,0.48150536
8988,0.8209772
8989,0.77835476
8990,0.4846051
8991,0.02821216
8992,0.9354836
8993,0.99862504
8994,0.980124
8995,0.6967816
8996,0.5625058
8997,0.0009582937
8998,0.99786556
8999,0.9996556
9000,0.9910002
9001,0.011245638
9002,0.29441124
9003,0.8263797
9004,0.23650724
9005,0.95017195
9006,0.8761145
9007,0.99294364
9008,0.936795
9009,0.9676099
9010,0.112182885
9011,0.9583625
9012,0.99048114
9013,0.27419496
9014,0.13090211
9015,0.9675831
9016,0.030967683
9017,0.9847376
9018,0.03352377
9019,0.22392374
9020,0.99595624
9021,0.00014072657
9022,0.64374244
9023,0.0013513863
9024,0.006977558
9025,0.0035310984
9026,0.9999546
9027,0.13518617
9028,0.03321424
9029,0.9937359
9030,0.038848072
9031,0.00014087558
9032,0.05061245
9033,0.95503014
9034,0.947107
9035,0.83582693
9036,0.97314787
9037,0.8215998
9038,0.015217096
9039,0.9357555
9040,0.98337924
9041,0.8815311
9042,0.8549763
9043,0.39122942
9044,0.9993825
9045,0.9693847
9046,0.99567413
9047,0.07795143
9048,0.58500403
9049,0.78526366
9050,0.029689968
9051,0.30903256
9052,0.0013740063
9053,0.0428105
9054,0.002310574
9055,0.16411069
9056,9.317784e-06
9057,0.00050747395
9058,0.0016476214
9059,0.12037951
9060,0.78780687
9061,0.013089567
9062,0.39464548
9063,0.8836379
9064,0.38806218
9065,0.005259186
9066,0.5927727
9067,0.5776731
9068,0.6113396
9069,0.9988114
9070,0.7989131
9071,0.03338453
9072,0.9864113
9073,0.0029433668
9074,0.700538
9075,0.021658927
9076,0.9982026
9077,0.15349475
9078,0.99581516
9079,0.77584326
9080,0.74146885
9081,0.99938905
9082,0.10860962
9083,0.13668135
9084,0.019856215
9085,0.0056507587
9086,0.0045993626
9087,0.6283376
9088,0.860986
9089,0.018607438
9090,0.0011980534
9091,0.99795604
9092,0.14718208
9093,0.39456117
9094,0.64015245
9095,0.014717877
9096,0.9964658
9097,0.24647039
9098,0.22397271
9099,0.08847761
9100,0.934271
9101,0.99829865
9102,0.083364874
9103,0.012722284
9104,0.99834836
9105,0.024406642
9106,0.37845087
9107,0.07689986
9108,0.0285317
9109,0.042045176
9110,0.80132043
9111,0.33600515
9112,0.43859676
9113,0.18483233
9114,0.014117807
9115,0.59111685
9116,0.99989414
9117,0.016898423
9118,0.10870233
9119,0.6682452
9120,0.93069506
9121,0.00593853
9122,0.51922536
9123,0.017066896
9124,0.0015520751
9125,0.63208735
9126,0.968191
9127,0.9987123
9128,0.07436535
9129,0.91637266
9130,0.14891988
9131,0.25439867
9132,0.14488712
9133,0.08218467
9134,0.74785405
9135,0.37177563
9136,0.5436233
9137,0.6934461
9138,0.7640242
9139,0.68239546
9140,0.13231364
9141,0.98466647
9142,0.88195753
9143,0.79320455
9144,0.5711184
9145,0.6585492
9146,0.23891312
9147,0.37638706
9148,0.99145216
9149,0.7855742
9150,0.4895459
9151,0.003137499
9152,0.07293472
9153,5.1528186e-05
9154,0.02677852
9155,0.7803992
9156,0.6445032
9157,0.823153
9158,0.0069348216
9159,0.9359839
9160,0.012526125
9161,0.98694426
9162,0.90895915
9163,0.24664983
9164,0.91659844
9165,0.30857527
9166,0.5568388
9167,0.0011052191
9168,0.9049231
9169,0.42446992
9170,0.2621743
9171,0.3141693
9172,0.13464329
9173,0.0006504953
9174,0.0054938793
9175,0.015536815
9176,0.9998567
9177,0.522064
9178,0.30538803
9179,0.029472083
9180,0.6694696
9181,0.0069300532
9182,0.05134666
9183,0.995098
9184,0.83567977
9185,0.51625365
9186,0.31509283
9187,0.04364273
9188,0.9261126
9189,0.99989396
9190,0.995908
9191,0.021946132
9192,0.0003015995
9193,0.8507746
9194,0.2870083
9195,0.5768725
9196,0.25246817
9197,0.47822848
9198,0.8478537
9199,0.0006170571
9200,0.42359063
9201,0.31479335
9202,0.0050418377
9203,0.9903566
9204,0.21149129
9205,0.6597182
9206,0.2301166
9207,0.39907396
9208,0.08157289
9209,0.0017158389
9210,0.10992819
9211,0.016878068
9212,0.15761742
9213,0.0028930902
9214,0.940423
9215,0.7218839
9216,0.8960773
9217,0.2492517
9218,0.059584826
9219,0.47143447
9220,0.035886943
9221,0.08888373
9222,0.039266676
9223,0.848608
9224,0.1276353
9225,0.44853345
9226,0.3304404
9227,0.20336422
9228,0.014386535
9229,0.86058855
9230,0.0054223537
9231,0.29603106
9232,0.93059385
9233,0.21153599
9234,0.8800111
9235,0.0816184
9236,0.9969573
9237,0.78129566
9238,0.41420576
9239,0.000824213
9240,0.7845395
9241,0.7571961
9242,0.03886494
9243,0.45340398
9244,0.5750023
9245,0.0069075227
9246,0.61121696
9247,0.0008354187
9248,0.8451767
9249,0.99297875
9250,0.014121324
9251,0.5348483
9252,0.7043486
9253,0.39215466
9254,0.8326583
9255,0.0461877
9256,0.6777415
9257,0.9249172
9258,0.31819785
9259,0.8750314
9260,0.8846956
9261,0.29346278
9262,0.12762675
9263,0.00914529
9264,0.44498497
9265,0.99960077
9266,0.98650956
9267,0.4131756
9268,0.099820614
9269,0.9996278
9270,0.10105553
9271,0.6695478
9272,0.8696693
9273,0.7910773
9274,0.9144303
9275,0.99629354
9276,0.94711876
9277,0.4993216
9278,0.8978256
9279,0.26247793
9280,0.11524549
9281,0.93316853
9282,0.9978173
9283,0.020935357
9284,0.035019964
9285,0.2934397
9286,0.78720903
9287,0.5730023
9288,0.53525376
9289,0.005714476
9290,0.2354376
9291,0.0036422014
9292,0.41945302
9293,0.28708452
9294,0.99475336
9295,0.9332677
9296,0.0664424
9297,0.9868264
9298,0.009605169
9299,0.0063251555
9300,0.09355146
9301,0.070201844
9302,0.003170848
9303,0.0015631616
9304,0.22552231
9305,0.20319083
9306,0.0011493862
9307,0.29309344
9308,0.039028674
9309,0.990581
9310,0.35057443
9311,0.69559485
9312,0.03528163
9313,0.9759494
9314,0.2962798
9315,0.04258412
9316,0.30736744
9317,0.0002452731
9318,0.98859143
9319,0.1763528
9320,0.118453234
9321,0.27750993
9322,0.8688375
9323,0.96102273
9324,0.036414415
9325,0.09715873
9326,0.0423719
9327,0.045259267
9328,0.009756774
9329,0.006894946
9330,0.03241393
9331,0.23778969
9332,0.9642799
9333,0.9976237
9334,0.99828243
9335,0.98998797
9336,0.004035294
9337,0.28044575
9338,0.85642964
9339,0.05607888
9340,0.0015597045
9341,0.98162675
9342,0.02437222
9343,0.007788807
9344,0.109460354
9345,0.5739025
9346,0.9996228
9347,0.10253018
9348,0.099057615
9349,0.039782852
9350,0.049096376
9351,0.04108438
9352,0.96066725
9353,0.9792712
9354,0.002859205
9355,0.97808343
9356,0.15303323
9357,0.87758726
9358,0.04471183
9359,0.7238806
9360,0.24763748
9361,0.9778073
9362,0.23549041
9363,0.9995382
9364,0.022032559
9365,0.5111453
9366,0.013824612
9367,0.32763153
9368,0.9973699
9369,0.3166206
9370,0.8373288
9371,0.99652267
9372,0.19008604
9373,0.99936855
9374,0.024471343
9375,0.35196304
9376,0.22660509
9377,0.103778005
9378,0.9904933
9379,0.9981029
9380,0.99959016
9381,0.02791217
9382,0.019497782
9383,0.017280519
9384,0.969856
9385,0.036465764
9386,0.001317054
9387,0.020539135
9388,0.5448218
9389,0.47615877
9390,0.0016644895
9391,0.021106154
9392,0.6120728
9393,0.14411408
9394,0.010980368
9395,0.0071970522
9396,0.14423358
9397,0.6441114
9398,0.024063826
9399,1.29710525e-05
9400,0.21222585
9401,0.82326496
9402,0.08463776
9403,0.48022416
9404,0.95831764
9405,0.72371924
9406,0.17348263
9407,0.20293984
9408,0.10530639
9409,0.4591909
9410,0.03794673
9411,2.8857787e-05
9412,0.07407215
9413,0.9793865
9414,0.111650795
9415,0.40955237
9416,0.09666154
9417,0.94609416
9418,0.99745345
9419,0.99961746
9420,0.3550604
9421,0.0733386
9422,0.6973885
9423,0.34777665
9424,0.8985083
9425,0.26748478
9426,0.10636157
9427,0.9868926
9428,0.31874135
9429,0.9894917
9430,0.008566231
9431,0.004500568
9432,0.9971627
9433,0.0011618733
9434,0.817455
9435,0.8881374
9436,0.000800997
9437,0.10179645
9438,0.88761103
9439,0.0020127892
9440,0.031450093
9441,0.21602225
9442,0.016496956
9443,0.023905337
9444,0.70359457
9445,0.9999202
9446,0.18545824
9447,0.0015546381
9448,0.21738592
9449,0.0021703541
9450,0.9943655
9451,0.21047327
9452,0.06327361
9453,0.82104623
9454,0.3409249
9455,0.16437885
9456,0.1738734
9457,0.34961343
9458,0.100415856
9459,0.58884287
9460,0.9425103
9461,0.9990928
9462,0.8424429
9463,0.0043307543
9464,0.9953444
9465,0.99448097
9466,0.42560965
9467,0.94445455
9468,0.3485232
9469,0.013643324
9470,0.013867348
9471,0.8654475
9472,0.0028341413
9473,0.26188558
9474,0.07874757
9475,0.96336055
9476,0.003562659
9477,0.24804378
9478,0.019058645
9479,0.09751317
9480,0.012439638
9481,0.06305197
9482,0.07602525
9483,0.059740424
9484,0.13364804
9485,0.030694932
9486,0.020997286
9487,0.68749833
9488,0.61245966
9489,0.043228745
9490,0.051151454
9491,0.09809092
9492,0.45322976
9493,0.014542401
9494,0.02507025
9495,0.1523025
9496,0.24714807
9497,0.008817077
9498,0.54133797
9499,0.09991318
9500,0.95838386
9501,0.0020140111
9502,0.0017507374
9503,0.0060887933
9504,0.6523141
9505,0.111928046
9506,0.748349
9507,0.0021500885
9508,0.98563313
9509,0.011353761
9510,0.987595
9511,0.24760821
9512,0.01603219
9513,0.062517434
9514,0.021348864
9515,3.8322418e-05
9516,0.009056032
9517,0.9920821
9518,0.7912035
9519,0.003674537
9520,0.975067
9521,0.09975532
9522,0.0060073435
9523,0.19133869
9524,0.56151104
9525,0.040289044
9526,0.7643359
9527,0.9964026
9528,0.06553823
9529,0.8552537
9530,0.98782116
9531,0.35345644
9532,0.430389
9533,0.0012627244
9534,0.9400796
9535,0.0089074075
9536,0.9985188
9537,0.040703923
9538,0.99521303
9539,0.009082288
9540,0.9037226
9541,0.09774229
9542,0.50959146
9543,0.93803155
9544,0.91142476
9545,0.019003153
9546,0.92128944
9547,0.007826
9548,0.08834556
9549,0.16837344
9550,0.98993444
9551,0.6659882
9552,0.99982107
9553,0.62944126
9554,0.07879418
9555,0.03162262
9556,0.9941506
9557,0.9959695
9558,0.039418906
9559,0.03257498
9560,0.53493
9561,0.98994094
9562,0.88189685
9563,0.9999441
9564,0.048158616
9565,0.0846585
9566,0.3281254
9567,0.2950328
9568,0.5201775
9569,0.48149627
9570,0.0005429983
9571,0.04714626
9572,0.95922756
9573,0.44880843
9574,0.022309035
9575,0.063503414
9576,0.9992467
9577,0.7659019
9578,0.27081826
9579,0.73730206
9580,0.98188186
9581,0.028812319
9582,0.004446715
9583,0.117584914
9584,0.50159925
9585,0.0024867654
9586,0.00043404102
9587,0.004889369
9588,0.57224375
9589,0.9789326
9590,0.68846554
9591,0.029531121
9592,0.9804005
9593,0.90256095
9594,0.36828145
9595,0.99927026
9596,0.93260574
9597,0.8200838
9598,0.042452246
9599,0.036068946
9600,0.035070926
9601,0.050762534
9602,0.75138867
9603,0.84703946
9604,0.99291277
9605,0.54580945
9606,0.51644295
9607,0.0001783669
9608,0.16445345
9609,0.8444681
9610,0.8835286
9611,0.6444182
9612,0.2781134
9613,0.036613464
9614,0.005093366
9615,0.9998628
9616,0.36506522
9617,0.96967566
9618,0.5308052
9619,0.87276477
9620,0.40467477
9621,0.7269677
9622,0.35772032
9623,0.000120116085
9624,0.25274312
9625,0.9952053
9626,0.0026851892
9627,0.05020553
9628,0.04405898
9629,0.00035753846
9630,0.99823624
9631,0.40990558
9632,0.9384571
9633,0.2865349
9634,0.002901107
9635,0.9994153
9636,0.25087315
9637,0.83265835
9638,0.40680543
9639,0.7741493
9640,0.9965489
9641,0.04905802
9642,0.002276808
9643,0.9925939
9644,0.9065224
9645,0.28863704
9646,0.5914448
9647,0.073440135
9648,0.9785769
9649,0.015812874
9650,0.078875214
9651,0.29598
9652,0.0028574467
9653,0.79615426
9654,0.9887223
9655,0.08344245
9656,0.01221782
9657,0.9950291
9658,0.016976148
9659,0.020899355
9660,0.49233028
9661,0.007632613
9662,0.0014948249
9663,0.8462541
9664,0.065537125
9665,0.07410595
9666,0.92393816
9667,0.31136268
9668,0.991526
9669,0.011089116
9670,0.89515054
9671,0.63623434
9672,0.053488284
9673,0.5037145
9674,0.05832064
9675,0.49576727
9676,0.8356559
9677,0.96861124
9678,0.010463804
9679,0.9951594
9680,0.010077357
9681,0.10225108
9682,0.07704157
9683,0.9997797
9684,0.34541088
9685,0.9588274
9686,0.03464803
9687,0.82900727
9688,0.85787094
9689,0.06853545
9690,0.009076744
9691,0.85625
9692,0.9764858
9693,0.93777823
9694,0.09966996
9695,0.9951358
9696,0.9995268
9697,0.9795451
9698,0.07554451
9699,0.9561275
9700,0.74605167
9701,0.9994751
9702,0.96263576
9703,0.0007018447
9704,0.050456226
9705,0.22007039
9706,0.77819014
9707,0.15557197
9708,0.9619132
9709,0.22430274
9710,0.13198882
9711,0.6513592
9712,0.8356979
9713,0.016540349
9714,0.8663993
9715,0.17306882
9716,0.16829437
9717,0.9996166
9718,0.43444923
9719,0.4827254
9720,0.983602
9721,0.27296197
9722,0.89625347
9723,0.12322515
9724,0.00066423416
9725,0.46670604
9726,0.9988282
9727,0.1385301
9728,0.39427447
9729,0.06652701
9730,0.7853961
9731,0.01958245
9732,0.9903837
9733,0.65826505
9734,0.52736235
9735,0.61336064
9736,0.4999851
9737,0.02442035
9738,0.9730729
9739,0.078374684
9740,0.00015863776
9741,0.0106037855
9742,0.9321202
9743,0.9477767
9744,0.0006355047
9745,0.26297417
9746,0.05835381
9747,0.08072752
9748,0.7252721
9749,0.9938014
9750,0.9767068
9751,0.041421503
9752,0.04087746
9753,0.042651594
9754,0.0010772347
9755,0.99804986
9756,0.004020989
9757,0.99130046
9758,0.99366
9759,0.43310463
9760,0.99969375
9761,0.72062635
9762,0.11463523
9763,0.092493385
9764,0.98095524
9765,0.66338813
9766,0.80174756
9767,0.9203929
9768,0.7190825
9769,0.55602133
9770,0.98053634
9771,0.99791545
9772,0.88174295
9773,0.9998474
9774,0.999136
9775,0.99668515
9776,0.7941277
9777,0.9662513
9778,0.001072675
9779,0.68085736
9780,0.10430282
9781,0.93250465
9782,0.99395025
9783,0.120515436
9784,0.20260882
9785,0.8267288
9786,0.21551293
9787,0.029641956
9788,0.0059742928
9789,0.45664626
9790,0.03219381
9791,0.034680754
9792,0.02856505
9793,0.8759916
9794,0.9980948
9795,0.010030329
9796,0.21157676
9797,0.022893578
9798,0.98821485
9799,0.998086
9800,0.0385378
9801,0.09313008
9802,0.034723014
9803,0.9968827
9804,0.8354142
9805,0.03987518
9806,0.9983295
9807,0.73094165
9808,0.38181323
9809,0.9983306
9810,0.39738938
9811,0.7673176
9812,0.3892498
9813,0.97692096
9814,0.48587906
9815,0.39490998
9816,0.015473485
9817,0.6116166
9818,0.011896402
9819,0.32969075
9820,0.007925719
9821,0.74689704
9822,0.9968273
9823,0.931195
9824,0.0005790889
9825,0.86591685
9826,0.9233451
9827,0.3050196
9828,0.41747466
9829,0.2109353
9830,0.13650289
9831,0.19194794
9832,0.11068225
9833,0.68999535
9834,0.93599063
9835,0.02571252
9836,0.64345837
9837,0.9972094
9838,0.09677404
9839,0.06759739
9840,0.18559393
9841,0.5790573
9842,0.075924486
9843,0.014532745
9844,0.030540764
9845,0.01176399
9846,0.0050626397
9847,0.58111
9848,0.06981221
9849,0.43747848
9850,0.9704714
9851,0.019859135
9852,0.4946384
9853,0.02072829
9854,0.024703741
9855,0.0035187602
9856,0.31385827
9857,0.97938097
9858,0.020907342
9859,0.0024086833
9860,0.075606525
9861,0.2926331
9862,0.0054210722
9863,0.89594173
9864,0.49731088
9865,0.9936614
9866,0.104298264
9867,0.74553376
9868,0.84304726
9869,0.9991187
9870,0.0392963
9871,0.9418336
9872,0.22354984
9873,0.79223
9874,0.07267591
9875,0.89688456
9876,0.014829516
9877,0.35068983
9878,0.4284798
9879,0.9955528
9880,0.78267735
9881,0.9842212
9882,0.19121164
9883,0.06405136
9884,0.4566514
9885,0.1616486
9886,2.2725992e-05
9887,0.838913
9888,0.933566
9889,0.70771635
9890,0.01861322
9891,0.11618543
9892,0.89394295
9893,0.02754581
9894,0.003032118
9895,0.06228295
9896,0.97605777
9897,0.79518795
9898,0.00045326352
9899,0.85777336
9900,0.10456297
9901,0.15349996
9902,0.006938666
9903,0.84313273
9904,0.00061640143
9905,0.24439237
9906,0.6055448
9907,0.0015730858
9908,0.57507914
9909,0.79531085
9910,0.9714916
9911,0.07369918
9912,0.29437956
9913,0.50188804
9914,0.03977573
9915,0.34208995
9916,0.63742876
9917,0.00088331103
9918,0.121558934
9919,0.9205574
9920,0.7244613
9921,0.01280129
9922,0.06607628
9923,0.95280063
9924,0.014718443
9925,0.01663804
9926,0.23843399
9927,0.0056996346
9928,0.35578036
9929,0.49521625
9930,0.6148277
9931,0.9962983
9932,0.26121876
9933,0.90198195
9934,0.013201743
9935,0.039916933
9936,0.48857912
9937,0.06670675
9938,0.6988996
9939,0.044152647
9940,0.9990728
9941,0.002102822
9942,0.16990867
9943,0.007276207
9944,0.9722232
9945,0.35848534
9946,0.91544116
9947,0.046525627
9948,0.8293886
9949,0.9936014
9950,0.8925214
9951,0.29907817
9952,0.001851201
9953,0.52546823
9954,0.1984789
9955,0.58896416
9956,0.041570723
9957,0.028148592
9958,0.99475574
9959,0.00012359023
9960,0.0013080239
9961,0.7950218
9962,0.0032489896
9963,0.16137522
9964,0.0035293996
9965,0.3681959
9966,0.25950456
9967,0.048729748
9968,0.0005226433
9969,0.17300245
9970,0.47887328
9971,0.7186164
9972,0.5650498
9973,0.99862564
9974,0.8651244
9975,0.0011846125
9976,0.00464648
9977,0.016714305
9978,0.99456227
9979,0.51310956
9980,0.98646283
9981,0.01443693
9982,0.09963444
9983,0.9794607
9984,0.59517455
9985,0.13944107
9986,0.9994466
9987,0.94697124
9988,0.22428763
9989,0.9094634
9990,0.82613117
9991,0.8376638
9992,0.50224864
9993,9.561837e-06
9994,0.42478323
9995,0.012515694
9996,0.9641514
9997,0.008119345
9998,0.00027951598
9999,0.0021451414
10000,0.10660952
10001,0.537936
10002,0.19343323
10003,0.95100737
10004,0.36525965
10005,0.41581506
10006,0.6165539
10007,0.007828802
10008,0.016205996
10009,0.5540237
10010,0.24761042
10011,4.552432e-05
10012,0.0055312514
10013,0.48354387
10014,0.25858253
10015,0.03718093
10016,0.99434566
10017,0.7408254
10018,0.10902876
10019,0.8626963
10020,0.9902028
10021,0.10555917
10022,0.011435479
10023,0.95521003
10024,0.57911205
10025,0.7098191
10026,0.89251685
10027,0.8789976
10028,0.053674906
10029,0.16426739
10030,0.025881171
10031,0.19536012
10032,0.028217882
10033,0.27316087
10034,0.06985521
10035,0.95971787
10036,0.073962
10037,0.0929746
10038,0.0009342432
10039,0.35842782
10040,0.94870114
10041,0.99792385
10042,0.31193796
10043,0.21682033
10044,0.3914091
10045,0.78937787
10046,0.18499929
10047,0.19687414
10048,0.0074739754
10049,0.0030228198
10050,0.491279
10051,0.004608333
10052,0.023204267
10053,0.5640466
10054,0.17427462
10055,0.00084871054
10056,0.0066713393
10057,0.6646065
10058,0.0012585819
10059,0.4424411
10060,0.012316912
10061,0.002256006
10062,0.00066927075
10063,0.47768787
10064,0.7658456
10065,0.016127765
10066,0.54053456
10067,0.99784315
10068,0.16626224
10069,0.06769928
10070,0.99998885
10071,0.99878067
10072,0.9114528
10073,0.8038064
10074,0.04651752
10075,0.0048909783
10076,0.98787034
10077,0.41509905
10078,0.90004075
10079,0.17712918
10080,0.03769359
10081,0.58112395
10082,0.0036807954
10083,0.011373937
10084,0.08679876
10085,0.9858916
10086,0.13888451
10087,0.04116285
10088,0.98996395
10089,0.9558921
10090,0.99424505
10091,0.6195314
10092,0.19554624
10093,0.77910566
10094,0.12965941
10095,0.0023180544
10096,0.044640124
10097,0.99998283
10098,0.9904246
10099,0.9166684
10100,0.5809568
10101,0.19686809
10102,0.7130692
10103,0.0670625
10104,0.96847254
10105,0.49528903
10106,0.06770006
10107,0.29117167
10108,0.99459755
10109,0.013371915
10110,0.9998988
10111,0.14427423
10112,0.9882566
10113,0.0018377006
10114,0.99807423
10115,0.572067
10116,0.008888602
10117,0.06177607
10118,0.96806777
10119,0.27741107
10120,0.68639684
10121,0.000626266
10122,0.30073923
10123,0.060711443
10124,0.9994681
10125,0.05203101
10126,0.0010946393
10127,0.002867967
10128,0.79857016
10129,0.013461292
10130,0.051733702
10131,0.033372223
10132,0.82866716
10133,0.8524445
10134,0.5819733
10135,0.97978866
10136,5.2655423e-06
10137,0.67496884
10138,0.120110095
10139,0.2957319
10140,0.02620405
10141,0.01747477
10142,0.26200086
10143,0.6061539
10144,0.9235529
10145,0.10353452
10146,0.013180792
10147,0.1524072
10148,0.06964213
10149,0.084501565
10150,0.0060077906
10151,0.5541609
10152,0.8812861
10153,0.6908567
10154,0.0041017234
10155,0.33698905
10156,0.0016029775
10157,0.66524565
10158,0.9281421
10159,0.48715702
10160,0.84381914
10161,0.99785125
10162,0.019358158
10163,0.40670055
10164,0.01634577
10165,0.69126004
10166,0.060448647
10167,0.959857
10168,0.56900764
10169,0.103046745
10170,0.44297743
10171,0.029797375
10172,0.15735757
10173,0.3451875
10174,0.96697235
10175,0.051607996
10176,0.10249469
10177,0.0062256157
10178,0.63586587
10179,0.8047131
10180,0.57136935
10181,0.24348444
10182,0.9858721
10183,0.041829288
10184,0.07777205
10185,0.52204454
10186,0.0030527115
10187,0.8619013
10188,0.8163525
10189,0.028891772
10190,0.3473521
10191,0.01007095
10192,0.99800897
10193,0.2521903
10194,0.17745042
10195,0.32884976
10196,0.013863057
10197,0.9951252
10198,0.0107911825
10199,0.46500674
10200,0.9819051
10201,0.4438505
10202,0.004368305
10203,0.9926033
10204,0.07451436
10205,0.9894471
10206,0.996542
10207,0.023763806
10208,0.029909104
10209,0.38071692
10210,0.19248861
10211,0.017635435
10212,0.23473933
10213,0.24419266
10214,0.14832038
10215,0.25814444
10216,0.100925
10217,0.27448434
10218,0.022083223
10219,0.3127153
10220,0.80816936
10221,0.035597384
10222,0.52919996
10223,0.011620194
10224,0.2044977
10225,0.9993831
10226,0.78036994
10227,0.11433008
10228,0.033673853
10229,0.6149596
10230,0.28424877
10231,0.94755155
10232,0.0011672676
10233,0.7590729
10234,0.018650621
10235,0.07364112
10236,0.71428996
10237,0.1227653
10238,0.6038964
10239,0.943487
10240,0.9766208
10241,0.06800005
10242,0.00043058395
10243,0.006033063
10244,0.027826935
10245,0.0010217726
10246,0.9999656
10247,0.13329875
10248,0.23300245
10249,0.054906934
10250,0.35874516
10251,0.9704788
10252,0.9663325
10253,0.9740803
10254,0.28447294
10255,0.01051268
10256,0.14289239
10257,0.26213205
10258,0.030361176
10259,0.06911844
10260,0.3644699
10261,0.10455865
10262,0.010327607
10263,0.10246393
10264,0.010120183
10265,0.0010202229
10266,0.92729294
10267,0.56945676
10268,0.03981629
10269,0.99592113
10270,0.8432631
10271,0.15497133
10272,0.0494211
10273,0.17102715
10274,0.42390555
10275,0.0016082227
10276,0.08641866
10277,0.010314643
10278,0.73295295
10279,0.33282918
10280,0.36160684
10281,0.37043715
10282,0.99610937
10283,0.038183123
10284,0.6692872
10285,0.14975294
10286,0.03232205
10287,0.007555932
10288,0.9947009
10289,0.008503735
10290,0.9181824
10291,0.28711563
10292,0.00016006827
10293,0.09729183
10294,0.33277416
10295,0.22311571
10296,0.97695565
10297,0.000410825
10298,0.0026417673
10299,0.99973106
10300,0.0010626614
10301,0.0050578713
10302,0.07263613
10303,0.4279664
10304,0.99989235
10305,0.3828199
10306,0.832499
10307,0.020895183
10308,0.00037121773
10309,0.005391389
10310,0.9934656
10311,0.65449
10312,0.04371506
10313,0.08252105
10314,0.0015122294
10315,0.8105223
10316,0.00047776103
10317,0.0025613308
10318,0.99852234
10319,0.17489105
10320,0.04368034
10321,0.041599333
10322,0.07528064
10323,0.048493832
10324,0.4174922
10325,0.004340142
10326,0.87081164
10327,0.9129995
10328,0.0045986176
10329,0.93539554
10330,0.14532056
10331,0.7987841
10332,0.9969503
10333,0.99851626
10334,0.015104651
10335,0.25660172
10336,0.002396375
10337,0.00065907836
10338,0.0062847733
10339,0.09366268
10340,0.45249128
10341,0.9392654
10342,0.007038772
10343,0.59530085
10344,0.94405556
10345,0.9730507
10346,0.8577973
10347,0.7616417
10348,0.9992058
10349,0.23647588
10350,0.285707
10351,0.92124784
10352,0.71123344
10353,0.9769746
10354,0.2812509
10355,0.78030163
10356,0.52472967
10357,0.985377
10358,0.12627885
10359,0.104195565
10360,0.17477211
10361,0.0009070635
10362,0.00091296434
10363,0.08047426
10364,0.4194731
10365,0.7710726
10366,0.25762248
10367,0.033786476
10368,0.31159252
10369,0.97537076
10370,0.5796165
10371,0.6553469
10372,0.012420744
10373,0.8323156
10374,0.00010320356
10375,0.72566354
10376,0.0066652596
10377,0.017638475
10378,0.9980221
10379,0.117559195
10380,0.3034623
10381,0.61013556
10382,0.05893585
10383,0.21536443
10384,0.10060063
10385,0.5796447
10386,0.3467222
10387,0.9849981
10388,0.01718551
10389,0.10623786
10390,0.054448754
10391,0.046171486
10392,0.12546021
10393,0.99573
10394,0.23267472
10395,0.31462204
10396,0.10082257
10397,0.081362784
10398,0.0040531754
10399,0.9863943
10400,0.001827985
10401,0.0001745224
10402,0.7099636
10403,0.5518153
10404,0.021679997
10405,7.5761105e-05
10406,0.9685792
10407,0.7324762
10408,0.98730004
10409,0.9912086
10410,0.2688446
10411,0.9920926
10412,0.85657156
10413,0.16078866
10414,0.99090296
10415,0.9910197
10416,0.07919434
10417,0.9365208
10418,0.2018924
10419,0.59469336
10420,0.90916884
10421,0.00011841501
10422,0.0991742
10423,0.15533572
10424,0.011998951
10425,0.22013426
10426,0.8773446
10427,0.00051543117
10428,0.8355214
10429,0.008778483
10430,0.045702845
10431,0.9977454
10432,0.0004899204
10433,0.9829488
10434,0.008684039
10435,0.0016285181
10436,0.052010864
10437,0.0095793605
10438,0.012560338
10439,0.7459084
10440,0.40578556
10441,0.061233968
10442,0.77950966
10443,0.42897815
10444,0.0013873279
10445,0.333816
10446,0.21510124
10447,0.012666285
10448,0.08884922
10449,0.013255119
10450,0.8971833
10451,0.17056438
10452,0.9867796
10453,0.2826832
10454,0.08907089
10455,0.79913056
10456,0.021438837
10457,0.99886906
10458,0.2588958
10459,0.99997306
10460,0.17872241
10461,0.9998644
10462,0.536318
10463,0.9827567
10464,0.8914306
10465,0.050542533
10466,0.3880291
10467,0.07381868
10468,0.0001308918
10469,0.08731988
10470,0.0017004907
10471,0.030994475
10472,0.009762198
10473,0.43967363
10474,0.016072392
10475,0.98865616
10476,0.5790164
10477,0.002637446
10478,0.0058046877
10479,0.937077
10480,0.76946706
10481,0.31353253
10482,0.015983224
10483,0.062961906
10484,0.42925584
10485,0.09791231
10486,0.032791466
10487,0.015061349
10488,0.8928081
10489,0.9848504
10490,0.9347943
10491,0.22317219
10492,0.08444801
10493,0.08837506
10494,0.8658284
10495,0.9551403
10496,0.2581982
10497,0.8445477
10498,0.03564182
10499,0.059312135
10500,0.9815782
10501,0.49527818
10502,0.9964417
10503,0.16699162
10504,0.03954652
10505,0.026904285
10506,0.18192649
10507,0.04731059
10508,0.0053452253
10509,0.79175
10510,0.9997324
10511,0.16698456
10512,0.019463986
10513,0.02829066
10514,0.79008234
10515,0.018401444
10516,0.15042827
10517,0.20320919
10518,0.051160842
10519,0.98832417
10520,0.6802078
10521,0.21193922
10522,0.23980546
10523,0.99056935
10524,0.00027793646
10525,0.0057462156
10526,0.009296894
10527,0.021627933
10528,0.02003631
10529,0.9978957
10530,0.08811605
10531,0.04650128
10532,0.12540904
10533,0.15329152
10534,0.43192813
10535,0.0211671
10536,0.68331003
10537,0.09388372
10538,0.20413655
10539,0.20700085
10540,0.83758175
10541,0.8970838
10542,0.027462631
10543,0.12988698
10544,0.020654976
10545,0.019467473
10546,0.0023300052
10547,0.023566514
10548,0.06102836
10549,0.021535426
10550,0.9375746
10551,0.00844574
10552,0.9467069
10553,0.9988195
10554,0.7495605
10555,0.8128681
10556,0.9947579
10557,0.9917189
10558,0.19804895
10559,0.00012895465
10560,0.91976154
10561,0.08272651
10562,0.72552526
10563,0.9842968
10564,0.0018442273
10565,0.0338127
10566,0.32575285
10567,0.9592001
10568,0.49902594
10569,0.014190435
10570,0.015973508
10571,0.7593688
10572,0.00049233437
10573,0.60465753
10574,0.81509316
10575,0.4372856
10576,0.92326444
10577,0.5513884
10578,0.02746442
10579,0.7811047
10580,0.59227467
10581,0.99871075
10582,0.0401915
10583,0.26197618
10584,0.5122566
10585,0.03265658
10586,0.9828911
10587,0.0024392009
10588,0.0041223764
10589,0.22938856
10590,0.0008459985
10591,0.6867005
10592,0.9865365
10593,0.1374006
10594,0.052474022
10595,0.80966425
10596,0.38694507
10597,0.83135223
10598,0.98771846
10599,0.4941178
10600,0.99967504
10601,0.26250368
10602,0.63677967
10603,0.97297287
10604,0.03763789
10605,0.3077028
10606,0.9885268
10607,0.9981823
10608,0.9139017
10609,0.021796733
10610,0.3972458
10611,0.9780201
10612,0.091301054
10613,0.07702348
10614,0.31466588
10615,0.97962886
10616,0.114340365
10617,0.9991962
10618,0.2282221
10619,0.4033082
10620,0.0078116953
10621,0.7921746
10622,0.991366
10623,0.40623027
10624,0.14505365
10625,0.920928
10626,0.39241976
10627,0.52662486
10628,2.5111347e-05
10629,0.94052786
10630,0.9959944
10631,0.76829624
10632,0.9914799
10633,0.29132414
10634,0.9767846
10635,0.9571746
10636,0.8419738
10637,0.0022284985
10638,0.97295296
10639,0.0046871006
10640,0.9994843
10641,0.94757116
10642,0.25024283
10643,0.061322868
10644,0.9379773
10645,0.08341676
10646,0.3372556
10647,2.8782863e-05
10648,0.9935596
10649,0.01887086
10650,0.9985736
10651,0.03820321
10652,0.0006803274
10653,0.012939334
10654,0.35367936
10655,0.9884788
10656,0.029310197
10657,0.9905914
10658,0.13564637
10659,0.999923
10660,0.68450177
10661,0.91975975
10662,0.009604365
10663,0.023614675
10664,0.619961
10665,0.26535636
10666,0.0017991364
10667,0.95455605
10668,0.0943211
10669,0.82245815
10670,0.036302716
10671,0.9994453
10672,0.44422132
10673,0.0021140873
10674,0.0074231327
10675,0.9792739
10676,0.9999125
10677,0.8066571
10678,0.92823184
10679,0.07125884
10680,0.06242937
10681,0.020190656
10682,0.050385952
10683,0.5356653
10684,0.24786761
10685,0.19181824
10686,0.26740217
10687,0.056153417
10688,0.27847958
10689,0.054074198
10690,0.4874578
10691,0.15671128
10692,0.36055827
10693,0.2478756
10694,0.99995697
10695,0.20621386
10696,0.011612445
10697,0.99572384
10698,0.005060911
10699,0.37939915
10700,0.893901
10701,0.025176883
10702,0.08411333
10703,0.9062916
10704,0.28104806
10705,0.90384835
10706,0.12251225
10707,0.9973308
10708,0.0008331537
10709,0.97173935
10710,0.9888896
10711,0.98019063
10712,0.33553255
10713,0.054909885
10714,0.015140682
10715,0.041274697
10716,0.29181957
10717,0.03530264
10718,0.0124744475
10719,0.0011830926
10720,0.081576586
10721,0.07872847
10722,0.19211838
10723,0.0021285415
10724,0.019977123
10725,0.1022377
10726,0.82541764
10727,0.7626941
10728,0.48059094
10729,0.00015354156
10730,0.85243076
10731,0.8101096
10732,0.6142317
10733,0.2513007
10734,0.97415674
10735,0.7969904
10736,0.1562593
10737,0.00084781647
10738,0.0011315942
10739,0.836695
10740,0.0019024014
10741,0.023183495
10742,0.9990268
10743,0.5025009
10744,0.9971625
10745,0.20249599
10746,0.05949053
10747,0.035656393
10748,0.9932836
10749,0.0009210408
10750,0.0030123591
10751,0.26565608
10752,0.7943733
10753,0.4501407
10754,0.14347154
10755,0.06349093
10756,0.088728786
10757,0.96368
10758,0.98444974
10759,0.18647629
10760,0.9992305
10761,0.0032051504
10762,0.058014244
10763,0.95431125
10764,0.59433746
10765,0.92640656
10766,0.26086724
10767,0.698847
10768,0.011482269
10769,0.06832713
10770,0.0013403594
10771,0.0033088326
10772,0.028023303
10773,0.96414673
10774,0.06321314
10775,0.0014312565
10776,0.042548507
10777,0.05896461
10778,0.9995657
10779,0.0036107898
10780,0.057751626
10781,0.99797857
10782,0.025655538
10783,0.99833417
10784,0.96807986
10785,0.33933806
10786,0.020232856
10787,0.9978589
10788,0.70631844
10789,0.49190792
10790,0.010984063
10791,0.25348413
10792,0.08501062
10793,0.0006224513
10794,0.96243316
10795,0.02131489
10796,0.57568437
10797,0.137341
10798,0.75538087
10799,0.74100965
10800,0.104723275
10801,0.31178135
10802,0.41280007
10803,0.37754905
10804,0.9996172
10805,0.6808908
10806,0.4500499
10807,0.7275467
10808,0.02097091
10809,0.98819435
10810,0.14850867
10811,0.91685045
10812,0.036262214
10813,0.0010098219
10814,0.029196411
10815,0.9993069
10816,0.99925935
10817,0.42521715
10818,0.98198426
10819,0.34938467
10820,0.08963251
10821,0.012163788
10822,0.009262204
10823,0.12725142
10824,0.99841714
10825,0.9650183
10826,0.89355206
10827,0.25794858
10828,0.847035
10829,0.055859596
10830,0.0053138435
10831,0.16787544
10832,0.877121
10833,0.0023739338
10834,0.2123577
10835,0.36481497
10836,0.47072855
10837,0.22056505
10838,0.32477406
10839,0.39141613
10840,0.7040403
10841,0.15825051
10842,0.09216872
10843,0.29191762
10844,0.035944194
10845,0.45868778
10846,0.015840232
10847,0.92037356
10848,0.99510455
10849,0.9990915
10850,0.00046628714
10851,0.006768286
10852,0.03622839
10853,0.17806363
10854,0.9349472
10855,0.06722993
10856,0.51836467
10857,0.31639796
10858,0.010556132
10859,0.11272952
10860,0.008149266
10861,0.4332789
10862,0.33169097
10863,0.964514
10864,0.9406352
10865,0.9627209
10866,0.9230881
10867,0.24163571
10868,0.7839289
10869,0.52886605
10870,0.85319495
10871,0.14345396
10872,0.8220848
10873,0.9986515
10874,0.056046635
10875,0.03682998
10876,0.9908666
10877,0.99193764
10878,0.8755013
10879,0.95530474
10880,0.90789866
10881,0.9524031
10882,0.21506426
10883,0.77785105
10884,0.059560686
10885,0.071778685
10886,0.3187404
10887,0.03765443
10888,0.9638131
10889,0.94235927
10890,0.011348128
10891,0.0012035668
10892,0.7161489
10893,0.035262555
10894,0.10616565
10895,0.4761039
10896,0.06278968
10897,0.99964726
10898,0.012647241
10899,0.00015810132
10900,0.9994544
10901,0.26297978
10902,0.9991589
10903,0.01729232
10904,0.47404456
10905,0.47937974
10906,0.89720154
10907,0.008539915
10908,0.08697814
10909,0.12668198
10910,0.024705201
10911,0.8721387
10912,0.22491038
10913,0.09839749
10914,0.89818656
10915,0.36367747
10916,0.8718972
10917,0.999691
10918,0.6711348
10919,0.27993533
10920,0.27989835
10921,0.015205324
10922,0.073081285
10923,0.019395709
10924,0.03949204
10925,0.80286
10926,0.015893042
10927,0.27216735
10928,0.8061975
10929,0.49027258
10930,0.17992538
10931,0.003383845
10932,0.74113727
10933,0.1807043
10934,0.3566422
10935,0.31322977
10936,0.7730678
10937,0.12640294
10938,0.31768933
10939,0.1840249
10940,0.80792654
10941,0.2337847
10942,0.8794743
10943,0.6059649
10944,0.39484334
10945,0.009904593
10946,0.9943961
10947,0.7882527
10948,0.0036565661
10949,0.87321544
10950,0.70582587
10951,0.08963677
10952,0.026144713
10953,0.9289279
10954,0.39812908
10955,0.5410406
10956,0.0513373
10957,0.31585255
10958,0.23776457
10959,0.19984809
10960,0.00021055341
10961,0.70477796
10962,0.24643907
10963,0.00021532178
10964,0.0048322976
10965,0.14211467
10966,0.863746
10967,0.9824672
10968,0.0076218545
10969,0.29305017
10970,0.9814303
10971,0.0007497668
10972,0.009409159
10973,0.040566385
10974,0.96433103
10975,0.015527368
10976,0.8917117
10977,0.9997265
10978,0.56599355
10979,0.81820226
10980,0.35681438
10981,0.6140991
10982,0.0036709607
10983,0.55828524
10984,0.00740093
10985,0.53584146
10986,0.33756226
10987,0.24913135
10988,0.79695725
10989,0.95183194
10990,0.86243033
10991,0.01004982
10992,0.22626767
10993,0.50570464
10994,0.6681991
10995,0.9500467
10996,0.0063777864
10997,0.36942837
10998,0.0018752813
10999,0.14336425
11000,0.92067444
11001,0.9960374
11002,0.023416847
11003,0.07186669
11004,0.99755716
11005,0.5109468
11006,0.6397996
11007,0.04824695
11008,0.008461416
11009,0.29593512
11010,0.49198702
11011,0.035397172
11012,0.04294029
11013,0.94659376
11014,0.081095636
11015,0.99915355
11016,0.0016874671
11017,0.0008921325
11018,0.932207
11019,0.03234777
11020,0.9742944
11021,0.14939767
11022,0.4869573
11023,0.98009264
11024,0.13745388
11025,0.19669816
11026,0.00045508146
11027,0.10203883
11028,0.9861392
11029,0.38452494
11030,0.078846365
11031,0.838245
11032,0.6037458
11033,0.91539025
11034,0.30347258
11035,0.1984868
11036,0.055708587
11037,0.0022546053
11038,0.003894627
11039,0.027153105
11040,0.1772531
11041,0.36968276
11042,0.0075134337
11043,0.18921086
11044,0.9999295
11045,0.8962077
11046,0.06280962
11047,0.28438616
11048,0.5963004
11049,0.8599472
11050,0.89927864
11051,0.0029929578
11052,0.1552976
11053,0.89652216
11054,0.64968
11055,0.84106153
11056,0.027254581
11057,0.88559437
11058,0.008364886
11059,0.023905337
11060,0.90338176
11061,0.057167172
11062,0.52306044
11063,0.2977264
11064,0.8513006
11065,0.5991839
11066,0.036421925
11067,0.021131247
11068,0.9649368
11069,0.5673381
11070,0.020745426
11071,0.021865815
11072,0.014658302
11073,0.77935255
11074,0.9519273
11075,0.6597273
11076,0.9917337
11077,0.29022163
11078,0.99416745
11079,0.0010745823
11080,0.39800328
11081,0.70163137
11082,0.1854428
11083,0.37997967
11084,0.9997808
11085,0.5639909
11086,0.98395675
11087,0.102075696
11088,0.7597625
11089,0.0111453235
11090,0.99320596
11091,0.006706387
11092,0.45585215
11093,0.75325906
11094,0.0038404167
11095,0.9938676
11096,0.67009187
11097,0.95889366
11098,0.088430256
11099,0.044042498
11100,0.05000359
11101,0.0029661357
11102,0.055695266
11103,0.20939931
11104,0.13143808
11105,0.04151213
11106,0.5887329
11107,0.025035053
11108,0.07279298
11109,0.9992446
11110,0.28526276
11111,0.97850204
11112,0.7690151
11113,0.900409
11114,0.70533013
11115,0.18460554
11116,0.01443693
11117,0.00640738
11118,0.15434039
11119,0.027509123
11120,0.0030173361
11121,0.09671214
11122,0.99483335
11123,0.99937165
11124,0.049182028
11125,0.012687385
11126,0.38963136
11127,0.11749831
11128,0.00041615963
11129,0.31553334
11130,0.9979793
11131,7.869814e-05
11132,0.0021750033
11133,0.10810152
11134,0.9944119
11135,0.04097581
11136,0.7253031
11137,0.47033253
11138,0.999584
11139,0.00042659044
11140,0.12854192
11141,0.9871675
11142,0.039399326
11143,0.8924835
11144,3.927332e-05
11145,0.24162188
11146,0.97245836
11147,0.73694795
11148,0.04363945
11149,0.000839144
11150,0.41307262
11151,0.079108
11152,0.6286154
11153,0.2477139
11154,0.90574366
11155,9.5585696e-05
11156,0.119837105
11157,0.70603454
11158,0.036453277
11159,0.98595965
11160,0.9807397
11161,0.99014306
11162,0.051296413
11163,0.81954443
11164,0.89694023
11165,0.9903989
11166,0.17709938
11167,0.004286915
11168,0.23067138
11169,0.9977739
11170,0.030134767
11171,0.9754121
11172,0.007905841
11173,0.8501141
11174,0.74380606
11175,0.6881131
11176,0.22319779
11177,0.9959577
11178,0.01331833
11179,0.9945204
11180,0.6178846
11181,0.8159364
11182,0.009621918
11183,0.30947065
11184,0.0475972
11185,0.8325508
11186,0.34052134
11187,0.9322925
11188,0.6742966
11189,0.43461603
11190,0.47728136
11191,0.1526925
11192,0.0046024323
11193,0.0030471087
11194,0.06885639
11195,0.053503662
11196,0.090792626
11197,0.004080206
11198,0.40804082
11199,0.46886492
11200,0.0049836636
11201,0.9902733
11202,0.4734353
11203,0.09009889
11204,0.0060240626
11205,0.85012484
11206,0.9483068
11207,0.6527661
11208,0.93157566
11209,0.09162101
11210,0.51731676
11211,0.034541428
11212,0.96150905
11213,0.92566127
11214,0.008984268
11215,0.9935858
11216,0.47739273
11217,0.0060994327
11218,0.6557402
11219,0.9050348
11220,0.34628487
11221,0.0028931499
11222,0.6390165
11223,0.92928386
11224,0.14440313
11225,0.1265251
11226,0.0013439357
11227,0.99250615
11228,0.9997099
11229,0.98170805
11230,0.36780584
11231,0.0036765635
11232,0.0043925345
11233,0.3254432
11234,0.022950768
11235,0.84878886
11236,0.77988887
11237,0.009572625
11238,0.9384915
11239,0.9982799
11240,0.002320379
11241,0.9969339
11242,0.06951934
11243,0.0037807226
11244,0.99951875
11245,0.99850464
11246,0.39090058
11247,0.999944
11248,0.98422146
11249,0.8813292
11250,0.021674275
11251,0.17719689
11252,0.07634103
11253,0.0003747642
11254,0.045515805
11255,0.0704059
11256,0.06892604
11257,0.0016307831
11258,0.009226292
11259,0.031744987
11260,0.0634616
11261,0.371504
11262,0.01886347
11263,0.10171378
11264,0.8031682
11265,0.31350923
11266,0.50893384
11267,0.6268824
11268,0.7139663
11269,0.00042325258
11270,0.9879596
11271,0.89472264
11272,0.9993508
11273,0.0070624948
11274,0.9567683
11275,0.30901036
11276,0.004202962
11277,0.2063981
11278,0.9233254
11279,0.001072973
11280,0.17559275
11281,0.18241513
11282,0.04205355
11283,0.6678989
11284,0.92894125
11285,0.36293682
11286,0.83378345
11287,0.99942946
11288,0.6449627
11289,0.79787785
11290,0.035920292
11291,0.05966559
11292,0.18048814
11293,0.37864214
11294,0.3183837
11295,0.55948126
11296,0.0126181245
11297,0.79623675
11298,0.49462554
11299,0.22926453
11300,0.11880085
11301,0.5004907
11302,0.007728547
11303,0.44082332
11304,0.0017209947
11305,0.83199346
11306,0.020034432
11307,0.637832
11308,0.027107865
11309,0.5268745
11310,0.26923156
11311,0.99904823
11312,0.14505991
11313,0.6007338
11314,0.23204538
11315,0.30242974
11316,0.09244564
11317,0.5965875
11318,0.12634355
11319,0.15876824
11320,0.57646376
11321,0.011447072
11322,0.70673084
11323,0.08297548
11324,0.00017350912
11325,0.9970877
11326,0.39644325
11327,0.82554144
11328,0.3361621
11329,0.5328178
11330,0.014700383
11331,0.0027238429
11332,0.038432807
11333,0.991804
11334,0.30870235
11335,0.8335259
11336,0.4511382
11337,0.030533046
11338,0.09810412
11339,0.0070850253
11340,0.9841777
11341,0.23075554
11342,0.050435662
11343,0.046266735
11344,0.0047044754
11345,0.10646492
11346,0.83832145
11347,0.00063568354
11348,0.15761742
11349,0.13494629
11350,0.23860288
11351,0.5115762
11352,0.042568505
11353,0.005838424
11354,0.99841124
11355,0.6913062
11356,0.0008880198
11357,0.08755875
11358,0.563379
11359,0.96271586
11360,0.0002772808
11361,0.93883634
11362,0.0006362796
11363,0.9892912
11364,0.7988746
11365,0.011520863
11366,0.3394075
11367,0.54336804
11368,0.0080111325
11369,0.23935252
11370,0.02729243
11371,0.0026289523
11372,0.91781515
11373,0.03702876
11374,0.06404403
11375,0.15408471
11376,0.045831263
11377,0.6615848
11378,0.21276382
11379,0.95640904
11380,0.92831635
11381,0.9994526
11382,0.030976564
11383,0.74728775
11384,0.03575769
11385,0.9738686
11386,0.0020602643
11387,0.014181286
11388,0.04797685
11389,0.039052963
11390,0.9998048
11391,0.30680087
11392,0.018208474
11393,0.89508355
11394,0.7114099
11395,0.99919057
11396,0.027301252
11397,0.8851421
11398,0.5705849
11399,0.8670624
11400,0.76598597
11401,0.005245179
11402,0.040467024
11403,0.0027436614
11404,0.16531608
11405,0.4340648
11406,0.4796112
11407,0.17760402
11408,0.90405345
11409,0.986163
11410,0.7521511
11411,0.102997184
11412,0.29606372
11413,0.8695941
11414,0.00073572993
11415,0.0118481815
11416,0.29500425
11417,0.124667495
11418,0.6323725
11419,0.6277647
11420,0.99324536
11421,0.42761824
11422,0.009990126
11423,0.583032
11424,0.55076814
11425,0.9506924
11426,0.8258594
11427,0.99108326
11428,0.5064332
11429,0.3763825
11430,0.9869478
11431,0.1773757
11432,0.20436108
11433,0.9612304
11434,0.721186
11435,0.9970769
11436,0.9988196
11437,0.81866515
11438,0.9995804
11439,0.32587677
11440,0.93189114
11441,0.01578185
11442,0.33348596
11443,0.019696802
11444,0.0017906725
11445,0.03248486
11446,0.00679186
11447,0.013413966
11448,0.0040041804
11449,0.18093073
11450,0.99886525
11451,0.8244128
11452,0.8019906
11453,0.13857818
11454,0.07398486
11455,0.88946307
11456,0.004146278
11457,0.1328778
11458,0.9107989
11459,0.8908554
11460,0.5188834
11461,0.22393426
11462,0.0026684701
11463,0.6780071
11464,0.052684426
11465,0.020967245
11466,0.20807868
11467,0.16118169
11468,0.65470743
11469,0.71989167
11470,0.9995121
11471,0.16549322
11472,0.6057788
11473,0.999854
11474,0.24169433
11475,0.27636743
11476,0.77140355
11477,0.59925514
11478,0.08063933
11479,0.0490624
11480,0.0022255778
11481,0.039416194
11482,0.4192406
11483,0.9437226
11484,0.04875523
11485,0.05105394
11486,0.0022770166
11487,0.0027983487
11488,0.20854533
11489,0.99226487
11490,0.9950384
11491,0.041845232
11492,0.6068304
11493,0.46427965
11494,0.96957564
11495,0.13929898
11496,0.033791363
11497,0.011458635
11498,0.9979458
11499,0.0032935739
11500,0.05913666
11501,0.7584238
11502,0.036641687
11503,0.8842205
11504,0.9120421
11505,0.2329523
11506,0.42602915
11507,0.15079966
11508,0.010268599
11509,0.12465459
11510,0.0023773015
11511,0.011376709
11512,0.27125803
11513,0.9987817
11514,0.7886729
11515,0.028585643
11516,0.14270845
11517,0.24787617
11518,0.0009448528
11519,0.86171496
11520,0.12692297
11521,0.9999831
11522,0.4076154
11523,0.8610029
11524,0.99544555
11525,0.40337333
11526,0.5010194
11527,0.36633325
11528,0.0031712353
11529,0.13530782
11530,0.68319935
11531,0.07169095
11532,0.00026914477
11533,0.0053253174
11534,0.00033006072
11535,0.1254108
11536,0.019468904
11537,0.9963968
11538,0.98769027
11539,0.033049196
11540,0.7849891
11541,0.05892253
11542,0.95542955
11543,0.07362577
11544,0.4023098
11545,0.011272103
11546,0.87475854
11547,0.04915464
11548,0.13709304
11549,0.20726529
11550,0.0010263026
11551,0.9112748
11552,0.0009469688
11553,0.22250313
11554,0.9510501
11555,0.20762846
11556,0.08212301
11557,0.07960242
11558,0.3462453
11559,0.04242906
11560,0.8849449
11561,0.18729013
11562,0.20486265
11563,0.089603215
11564,0.48233968
11565,0.15053791
11566,0.9016279
11567,0.512914
11568,0.01790601
11569,0.08365962
11570,0.99828875
11571,0.5204194
11572,0.010741383
11573,0.98414606
11574,0.86586386
11575,0.45963955
11576,0.4132196
11577,0.58942133
11578,0.98876655
11579,0.8562958
11580,0.66542715
11581,0.89233994
11582,0.9944494
11583,0.8879469
11584,0.63814765
11585,0.008332014
11586,0.82993495
11587,0.035366625
11588,0.5901785
11589,0.0032688677
11590,0.9905486
11591,0.06365788
11592,0.94848907
11593,0.9883553
11594,0.007092029
11595,0.8979829
11596,0.22387812
11597,0.88487494
11598,0.89867544
11599,0.7795404
11600,0.4087003
11601,0.9998361
11602,0.78733456
11603,0.97012854
11604,0.007652849
11605,0.08313006
11606,0.5107139
11607,0.9108789
11608,0.9985862
11609,0.024076879
11610,0.36735713
11611,0.008062601
11612,0.91744256
11613,0.9486865
11614,0.6785451
11615,0.28623474
11616,0.029402941
11617,0.4015418
11618,0.04965979
11619,0.9975227
11620,0.037784398
11621,0.64351904
11622,0.9904226
11623,0.15023199
11624,0.046830088
11625,0.9641326
11626,0.015193284
11627,0.11874902
11628,0.14217511
11629,0.91549295
11630,0.0147667825
11631,0.6707208
11632,0.8209204
11633,0.25917718
11634,0.8160484
11635,0.1980649
11636,0.9993949
11637,0.70681906
11638,0.020257294
11639,0.2424466
11640,0.7923443
11641,0.659261
11642,0.9927925
11643,0.009387672
11644,0.0028310418
11645,0.14406171
11646,0.038038462
11647,0.038966388
11648,0.019156694
11649,0.78793734
11650,0.037864745
11651,0.032674134
11652,0.009145111
11653,0.31467772
11654,0.47170073
11655,0.49765342
11656,0.2537027
11657,0.71626115
11658,0.05884704
11659,0.86656064
11660,0.9187412
11661,0.94923306
11662,4.7604455e-05
11663,0.5286871
11664,0.40429133
11665,0.99935174
11666,0.9909067
11667,0.015370011
11668,0.024047136
11669,0.008623391
11670,0.97139907
11671,0.9778694
11672,0.39326322
11673,0.9981809
11674,0.9933088
11675,0.47937438
11676,0.9999623
11677,0.1351372
11678,0.5497958
11679,0.5210804
11680,0.64868915
11681,0.9415305
11682,0.9435908
11683,0.9970277
11684,0.0008405447
11685,0.5129255
11686,0.016019195
11687,0.011317402
11688,0.028631061
11689,0.7113247
11690,0.80298424
11691,0.6757959
11692,0.114551544
11693,0.011079162
11694,0.21009496
11695,0.99164975
11696,0.75417066
11697,0.7790271
11698,0.009655029
11699,0.01539433
11700,0.7803289
11701,0.20078737
11702,0.025531024
11703,0.06547317
11704,0.95420265
11705,0.00028553605
11706,0.99974227
11707,0.54908836
11708,0.8495051
11709,0.002039522
11710,0.043646306
11711,0.9455329
11712,0.024528623
11713,0.9743185
11714,0.9965278
11715,0.7258575
11716,0.13865677
11717,0.94634455
11718,0.47516564
11719,0.70108783
11720,0.99396956
11721,0.93533707
11722,0.7692914
11723,0.9959681
11724,0.0005428493
11725,0.9978783
11726,0.951017
11727,0.8095321
11728,0.29245746
11729,0.36735114
11730,0.006460935
11731,0.00064978004
11732,0.89153755
11733,0.39847407
11734,0.11578074
11735,0.99239266
11736,0.9991306
11737,0.7895565
11738,0.70133936
11739,0.19474012
11740,0.13693857
11741,0.9449653
11742,0.9067817
11743,0.53429836
11744,0.33996445
11745,0.7452581
11746,0.7880431
11747,0.7762175
11748,0.97694016
11749,0.7491619
11750,0.6550171
11751,0.13223279
11752,0.28258985
11753,0.9980898
11754,0.9212588
11755,0.047374874
11756,0.021031767
11757,0.00084272027
11758,0.33929074
11759,0.13588667
11760,0.5262697
11761,0.41717225
11762,0.01043874
11763,0.19314757
11764,0.9273453
11765,0.0017424226
11766,0.45145592
11767,0.5286049
11768,0.090503514
11769,0.9869419
11770,0.37382588
11771,0.98910165
11772,0.22438243
11773,0.94030464
11774,0.15109086
11775,0.748939
11776,0.9140299
11777,0.215276
11778,0.12105593
11779,0.0002656281
11780,0.32973886
11781,0.9999596
11782,0.5729155
11783,0.13017127
11784,0.8393408
11785,0.5222973
11786,0.9996598
11787,0.000988841
11788,0.5181223
11789,0.041903228
11790,0.003849119
11791,0.4038413
11792,0.00079637766
11793,0.67725784
11794,0.0004927218
11795,0.08976367
11796,0.26774803
11797,0.036118865
11798,0.9988671
11799,0.049035072
11800,0.0010206997
11801,0.9839096
11802,0.99914926
11803,0.00036478043
11804,0.19304374
11805,0.8906297
11806,0.0025087595
11807,0.022529215
11808,0.91878545
11809,0.05500582
11810,0.47185856
11811,0.16183951
11812,0.9770464
11813,0.007127285
11814,0.25720897
11815,0.7894845
11816,0.8843268
11817,0.9998859
11818,0.996922
11819,0.032570988
11820,0.08376634
11821,0.9706178
11822,0.14647663
11823,0.9903978
11824,0.42148906
11825,0.010123491
11826,0.082772285
11827,0.5165129
11828,0.4505386
11829,0.43428463
11830,0.5193083
11831,0.016489893
11832,0.02215591
11833,0.75017333
11834,0.17878225
11835,5.360266e-05
11836,0.027117163
11837,0.021938294
11838,0.24562496
11839,0.04605207
11840,0.09042919
11841,0.004166335
11842,0.0016357601
11843,0.34931564
11844,0.5300708
11845,0.44799173
11846,0.42831153
11847,0.7007314
11848,0.6977892
11849,0.0830552
11850,0.74854505
11851,0.99939424
11852,0.4188737
11853,0.033685267
11854,0.009994775
11855,0.980769
11856,0.22353503
11857,0.27882183
11858,0.9205889
11859,0.052895844
11860,0.981532
11861,0.5520044
11862,0.89840114
11863,0.023796856
11864,0.09290147
11865,0.5280459
11866,0.9587086
11867,0.9611653
11868,0.65808105
11869,0.07034016
11870,0.07335752
11871,0.3145998
11872,0.01206401
11873,0.0025725365
11874,0.9798236
11875,0.91978663
11876,0.8548454
11877,0.9984598
11878,0.063928604
11879,0.15365598
11880,0.00097578764
11881,0.9953035
11882,0.68468505
11883,0.99784315
11884,0.09463614
11885,0.18288097
11886,0.58168215
11887,0.022529215
11888,0.007859409
11889,0.6008235
11890,0.39234588
11891,0.7909372
11892,0.034963578
11893,0.4043215
11894,0.99421585
11895,0.31296167
11896,0.00039440393
11897,0.67354465
11898,0.16559428
11899,0.009658724
11900,0.821756
11901,0.12322354
11902,0.010295838
11903,0.46419278
11904,0.9692312
11905,8.529366e-05
11906,0.15833297
11907,1.5352718e-05
11908,0.94844884
11909,0.8302426
11910,0.49077985
11911,0.007436484
11912,0.3360431
11913,0.5530264
11914,0.055737853
11915,0.4496476
11916,0.055822283
11917,0.99989814
11918,0.23174411
11919,0.00066396594
11920,0.1560857
11921,0.37443614
11922,0.005895108
11923,0.9896074
11924,0.021190435
11925,0.018262386
11926,0.9990567
11927,0.99524724
11928,0.84108794
11929,0.88878876
11930,0.18684992
11931,0.45094907
11932,0.62570345
11933,0.00059500337
11934,0.9579042
11935,0.78598917
11936,0.91692567
11937,0.17747265
11938,0.0014640689
11939,0.90656984
11940,0.8778846
11941,0.028317392
11942,0.0049334466
11943,0.14119726
11944,0.7569753
11945,0.008815885
11946,0.15863183
11947,0.3414229
11948,0.046913505
11949,0.4555863
11950,0.95217973
11951,0.2355777
11952,0.93943214
11953,0.035342723
11954,0.15893614
11955,0.098189086
11956,0.95530474
11957,0.26888862
11958,0.0020091236
11959,0.0017967224
11960,0.93910843
11961,0.21268532
11962,0.9327915
11963,0.7971617
11964,0.2053616
11965,0.9401082
11966,0.9177116
11967,0.26286435
11968,0.80191976
11969,0.20528671
11970,0.12031856
11971,0.592674
11972,0.03723353
11973,0.3690322
11974,0.2879022
11975,0.06089419
11976,0.0062815845
11977,0.9986681
11978,0.037878245
11979,0.2807402
11980,0.9439
11981,0.9678376
11982,0.0881913
11983,0.037258804
11984,0.013772994
11985,0.0006761253
11986,0.33771068
11987,0.27826923
11988,0.027008027
11989,0.7847166
11990,0.010526836
11991,0.28103298
11992,0.059831023
11993,0.19349
11994,0.9978248
11995,0.99874306
11996,0.26674232
11997,0.16612583
11998,0.9887811
11999,0.0011811256
12000,0.107849956
12001,0.89563763
12002,0.064510286
12003,0.04813683
12004,0.34320086
12005,0.60860234
12006,0.0073204935
12007,0.29888517
12008,0.036230564
12009,0.9844469
12010,0.8545665
12011,0.72943777
12012,8.488835e-06
12013,0.66036654
12014,0.92137814
12015,0.055277973
12016,0.35949403
12017,0.4195641
12018,0.19658786
12019,0.016352236
12020,0.37486488
12021,0.019953996
12022,0.21486908
12023,0.8809242
12024,0.3090369
12025,0.16889328
12026,0.70407605
12027,0.78979945
12028,0.9852332
12029,0.37918448
12030,0.0040960014
12031,0.87442225
12032,0.93015563
12033,0.31368718
12034,0.083758384
12035,0.0005852878
12036,0.2979172
12037,0.9163346
12038,0.9917209
12039,0.99883
12040,0.7470721
12041,0.3429473
12042,0.21060133
12043,0.93958205
12044,0.10591167
12045,0.19518626
12046,0.064340025
12047,0.031759053
12048,0.6568128
12049,0.8307447
12050,0.65607786
12051,0.942318
12052,0.008363545
12053,0.33983642
12054,0.1362369
12055,0.89609104
12056,0.0026575923
12057,0.0011226535
12058,0.917959
12059,0.40443566
12060,0.2517088
12061,0.1813204
12062,0.009877682
12063,0.38605174
12064,0.70394397
12065,0.9640491
12066,0.0067968965
12067,0.9988463
12068,0.99034804
12069,0.86184824
12070,0.026453108
12071,0.99993193
12072,0.9257343
12073,0.050694317
12074,0.1778315
12075,0.5710383
12076,0.5391943
12077,0.99893224
12078,0.95523155
12079,0.9365269
12080,0.6165656
12081,0.9995179
12082,0.09593466
12083,0.37735316
12084,0.2051793
12085,0.013945967
12086,0.9947111
12087,0.010166287
12088,0.9537102
12089,0.3418492
12090,0.35419357
12091,0.93117356
12092,0.71879774
12093,0.97619843
12094,0.38749903
12095,0.036691666
12096,0.0072974265
12097,0.025716603
12098,0.96975434
12099,0.97533596
12100,0.77750236
12101,0.21528417
12102,0.4309324
12103,0.0051418543
12104,0.0015500486
12105,0.9965017
12106,0.0046156943
12107,0.99982345
12108,0.19859129
12109,0.9633105
12110,0.006251514
12111,0.026142418
12112,0.8465325
12113,0.009474099
12114,0.23877752
12115,0.5879882
12116,0.9000523
12117,0.15223539
12118,0.9912787
12119,0.008360267
12120,0.37846044
12121,0.76045644
12122,0.0076664984
12123,0.0028941631
12124,0.007257223
12125,0.83142793
12126,0.028363049
12127,0.067680836
12128,0.9865724
12129,0.34447068
12130,0.44184148
12131,0.99980044
12132,0.13279274
12133,0.057278574
12134,0.8427304
12135,0.00040629506
12136,0.3201724
12137,0.9651642
12138,0.438044
12139,0.34640044
12140,0.8014271
12141,0.21139336
12142,0.28634048
12143,0.06877014
12144,0.00022384524
12145,0.00048169494
12146,0.06444022
12147,0.09927058
12148,0.029497921
12149,0.73544025
12150,0.99541235
12151,0.8300554
12152,0.06302798
12153,0.034807503
12154,0.2093578
12155,0.058900893
12156,0.038567305
12157,0.9773348
12158,0.010290951
12159,0.7519602
12160,0.6816108
12161,0.42220902
12162,0.5695471
12163,0.99992627
12164,0.24879223
12165,0.22886842
12166,0.87317866
12167,0.986581
12168,0.6099423
12169,0.67758274
12170,0.39202973
12171,0.8484169
12172,0.671395
12173,0.6729044
12174,0.00097194314
12175,0.73727757
12176,0.0071971714
12177,0.040071934
12178,0.86656547
12179,0.992846
12180,0.95940757
12181,0.458596
12182,0.05369237
12183,0.3439104
12184,0.21387163
12185,0.057986826
12186,0.0049091876
12187,0.88662887
12188,0.0005118549
12189,0.8872201
12190,0.6252276
12191,0.9992
12192,0.0022589564
12193,0.009288698
12194,0.61124694
12195,0.0018966496
12196,0.92842925
12197,0.081929624
12198,0.2020185
12199,0.074625194
12200,0.5321492
12201,0.023227125
12202,0.3925509
12203,0.030668646
12204,0.16362527
12205,0.93028593
12206,0.47689763
12207,0.04350081
12208,0.9459791
12209,0.042828143
12210,0.05283928
12211,0.9660796
12212,0.9794292
12213,0.0002027154
12214,0.0018043518
12215,0.045722574
12216,0.19507912
12217,0.9953556
12218,0.95576113
12219,0.04098794
12220,0.022020996
12221,0.93173015
12222,0.0004927218
12223,0.13283658
12224,0.18804684
12225,0.632591
12226,0.8636348
12227,0.8152071
12228,0.6951984
12229,0.00946185
12230,0.23722088
12231,0.036756754
12232,0.33024952
12233,0.009971768
12234,0.050166577
12235,0.0102342665
12236,0.14506152
12237,0.9983337
12238,0.5837156
12239,0.67568964
12240,0.5461629
12241,0.00045731664
12242,0.04836464
12243,0.013257682
12244,0.07300922
12245,0.43668053
12246,0.52620673
12247,0.09690097
12248,0.18988732
12249,0.078701824
12250,0.03359908
12251,0.18416017
12252,0.6931478
12253,0.05467558
12254,0.6337469
12255,0.0011309087
12256,0.38845623
12257,0.028997183
12258,0.99826676
12259,0.00926283
12260,0.919702
12261,0.38107416
12262,0.21316823
12263,0.15866536
12264,0.57118803
12265,0.6667384
12266,0.024380893
12267,0.9996059
12268,0.44025025
12269,0.042790323
12270,0.844612
12271,0.0155695975
12272,0.6115013
12273,0.99461305
12274,0.0003668368
12275,0.017808765
12276,0.9998731
12277,0.9418721
12278,0.007992595
12279,0.83726954
12280,0.00015866756
12281,0.54589874
12282,0.15936735
12283,0.66291374
12284,0.8521495
12285,0.00642246
12286,0.0055170655
12287,0.32500684
12288,0.86953634
12289,0.00012779236
12290,0.004475981
12291,0.4425401
12292,0.4037303
12293,0.9030533
12294,0.6893405
12295,0.0061505437
12296,0.0006980598
12297,0.9747238
12298,0.9975546
12299,0.999536
12300,0.83466494
12301,0.0049572587
12302,0.2043933
12303,0.6638071
12304,0.16389611
12305,0.0024688244
12306,0.9969788
12307,0.44479448
12308,0.035050422
12309,0.00031387806
12310,0.041564316
12311,0.91790855
12312,0.99557656
12313,0.6315615
12314,0.8154474
12315,0.0003116727
12316,0.04858288
12317,0.88758695
12318,0.9899037
12319,0.9236188
12320,0.49565864
12321,0.28659478
12322,0.21973771
12323,0.98475933
12324,0.09610158
12325,0.8599763
12326,0.38034493
12327,0.56239176
12328,0.012727499
12329,0.7915047
12330,0.062207967
12331,0.3648411
12332,0.2719068
12333,0.9921316
12334,0.920854
12335,0.36579734
12336,0.08954638
12337,0.9702369
12338,0.36146745
12339,0.99951816
12340,0.47117734
12341,0.20549646
12342,0.811394
12343,0.31376284
12344,0.42933035
12345,0.012319595
12346,0.8897734
12347,0.9745149
12348,0.2219168
12349,0.98956656
12350,0.040660113
12351,0.6128467
12352,0.10887393
12353,0.15754259
12354,0.9475944
12355,0.35160238
12356,0.99952745
12357,0.8051476
12358,0.9932994
12359,0.9452702
12360,0.4545881
12361,0.9988729
12362,0.07314482
12363,0.009557664
12364,0.013349861
12365,0.45137918
12366,0.08053234
12367,0.5425754
12368,0.0058199465
12369,0.05070454
12370,0.8964411
12371,0.96730345
12372,0.24360397
12373,0.9833023
12374,0.23390448
12375,0.15747029
12376,0.9120636
12377,0.8973534
12378,0.99742424
12379,0.9700266
12380,0.12438479
12381,0.8442049
12382,0.78176266
12383,3.103447e-05
12384,0.99845433
12385,0.06094864
12386,0.07318318
12387,0.9598354
12388,0.008769095
12389,0.10230142
12390,0.0020304322
12391,0.708629
12392,0.32524663
12393,0.37597364
12394,0.7447234
12395,0.029253066
12396,0.5436719
12397,0.007929206
12398,0.4760588
12399,0.005692452
12400,0.88563365
12401,0.854999
12402,0.9977493
12403,0.2833317
12404,0.46106648
12405,0.21842235
12406,0.8831285
12407,0.535486
12408,0.0038173795
12409,0.9755033
12410,0.7671628
12411,0.00017678738
12412,0.17437077
12413,0.9360137
12414,0.5231545
12415,0.40057656
12416,0.9916275
12417,0.46879607
12418,0.8628509
12419,0.32016116
12420,0.33065808
12421,0.0033486485
12422,0.007260591
12423,0.010546297
12424,0.5343083
12425,0.4351773
12426,0.2682751
12427,0.1444295
12428,0.9554691
12429,0.033500254
12430,0.7145203
12431,0.9661111
12432,0.38307387
12433,0.44392234
12434,0.01159364
12435,0.037576884
12436,0.9925184
12437,0.37394756
12438,0.8481585
12439,0.0025226772
12440,0.07273069
12441,0.33415428
12442,0.47963247
12443,0.7909647
12444,0.9907415
12445,0.9822577
12446,0.83218676
12447,0.5079963
12448,0.051331162
12449,0.018086433
12450,0.08956009
12451,0.9785215
12452,0.8148103
12453,0.7942891
12454,0.67736614
12455,0.0057567954
12456,0.95131207
12457,0.0070469677
12458,0.0036761165
12459,0.07959491
12460,0.40335616
12461,0.95166385
12462,0.025299191
12463,0.99908227
12464,0.9531919
12465,0.29367572
12466,0.25186807
12467,0.011516184
12468,0.1381191
12469,0.067110926
12470,0.0032126307
12471,0.985813
12472,0.846576
12473,0.99538004
12474,0.9989924
12475,0.9801072
12476,0.9987562
12477,0.17308119
12478,0.84959936
12479,0.96715426
12480,0.29252365
12481,0.19065809
12482,0.2445555
12483,0.005482197
12484,0.0012385547
12485,0.043172985
12486,0.010184854
12487,0.0016345084
12488,0.009919256
12489,0.93626416
12490,0.17566192
12491,0.7792583
12492,0.034210175
12493,0.22524658
12494,0.21160987
12495,0.9241716
12496,0.60596013
12497,0.93409824
12498,0.21628064
12499,0.111497134
12500,0.34000215
